Account Number,Name,Age,Income,Expenses,Balance
GB83MXBK94745451173438,Patrick Bradley,56,33935.536797424276,57269.63851233405,-23334.101714909775
GB85YEQN24437295387252,Karen Brown,69,52034.63635867223,36003.638143853976,16030.998214818253
GB58YEZE42142054067771,Joan Hernandez,46,42436.492547156966,42246.84725751886,189.6452896381088
GB02QYOJ80185250601770,Allison Morris,32,35777.46290402326,49325.9083187309,-13548.44541470764
GB21TSTX41418241438598,Renee Ortiz,60,43534.27115757473,25816.342670669685,17717.928486905046
GB53MYTT27570071997829,Christian Ellis,25,39184.51996385605,22391.91188019224,16792.60808366381
GB03VPUA31569673949642,Calvin Lam,38,66871.41635072565,24743.436854299052,42127.97949642659
GB57JMGO20744512524899,Victoria Dawson,56,58816.397569494504,52625.84103427182,6190.556535222684
GB28DGKC52878475555089,Janice Fitzgerald,36,49920.27358683383,34481.41854107553,15438.855045758297
GB34PJHI76346105556528,Vanessa Young,40,64799.44138890026,65581.99285668253,-782.5514677822648
GB07PNJS21772800138572,Gerald Dorsey,28,50773.68307647618,34357.52401342611,16416.159063050072
GB44MBOJ60278032630260,John Allison,28,41387.157986717364,41845.51303197037,-458.3550452530035
GB35PPGT70481865143033,Marissa Roman,41,65231.240772696576,55421.09952567876,9810.141247017818
GB93XIYY33658824892925,Joshua Taylor,53,55389.10043684659,60060.92888159123,-4671.828444744642
GB25YOXN50545220419757,Christopher Randolph,57,39627.538456735434,60615.03576636398,-20987.497309628547
GB53KGKY04764014243437,Michael Gonzalez,41,48096.61321916392,52083.66230593142,-3987.0490867675035
GB88SZEE48353434426310,Randall Moreno,20,41243.817466152424,50240.625258114625,-8996.807791962201
GB54NCSR55462534375819,David Washington,39,36172.00269035664,45925.26949201183,-9753.26680165519
GB49ZILQ76069805179094,Jeffery Paul,19,59261.77547531641,47783.61076166638,11478.164713650032
GB50LOCW98910894636393,Kristopher Flores,41,69094.1664047013,34488.142836714665,34606.02356798664
GB18EPYT39223076526567,Bryan Goodwin,61,36014.324261808586,31818.011165776927,4196.313096031659
GB98KSXW20966447866550,Nathan Morales,47,55629.69236690571,39966.25542589048,15663.436941015229
GB10PGZR17419374728968,Brenda Thompson,55,43493.57430878173,38298.15377475072,5195.4205340310145
GB13CKOP95520823139314,Troy Ramos,19,45128.74616235304,35467.71950672725,9661.026655625792
GB40XSWA30725254742262,Amanda Smith,38,44076.06075761131,46963.87447456716,-2887.8137169558468
GB83YQGN91466134195373,John Davis,50,41360.09230320184,49553.05208570511,-8192.959782503269
GB41WPYB64681781896075,Susan Aguilar,29,50485.21627944827,40884.06886291847,9601.147416529799
GB93JOXF33536687342542,Marvin Johnson,39,41690.49883588962,54775.30081055262,-13084.801974662994
GB53IELR46699945324482,Leslie Campbell,61,52704.56825779839,28583.10885866495,24121.45939913344
GB85NSRU30513393610057,Cassidy Cain,42,49497.61890550863,38063.405407202816,11434.213498305813
GB75UPWC73899643080333,Derek Wolf,66,47610.5195313359,32831.77679397195,14778.742737363951
GB11CSQZ30617068352127,Joe Woodard,44,40924.36337958402,21334.6338292694,19589.72955031462
GB94ZQUO50391276657249,Patrick Phillips,59,44232.286694316674,39173.19314157301,5059.093552743667
GB23PBJX81845196775272,Amy Atkins,45,57553.91225825756,38782.52491616717,18771.38734209039
GB72MTQP25389780162881,Martin Smith,33,55009.17187624381,55134.49743242131,-125.3255561775004
GB06TBOC54735891094375,Brooke Ford,32,40224.44755201449,46308.116845547775,-6083.669293533283
GB47DHQC28188337360639,Kyle Garcia,64,50993.32305429226,29758.13175670795,21235.19129758431
GB94XMPA44959098187436,Chase Vega,68,57513.87123371789,58540.925663341885,-1027.0544296239968
GB78FTDW13592356450068,Wesley Moore,61,33305.94718878628,52210.33695525353,-18904.389766467248
GB65CKWJ74191232350790,Jeremy Case,69,55433.60192379935,45820.977034686155,9612.624889113198
GB63CGPN48773459849132,James Wright,20,43373.76241054153,37735.15901150168,5638.60339903985
GB40GLFW94754289069583,Aaron Boyer,54,55705.986685931595,30405.607632765204,25300.37905316639
GB38HDXJ53181766011748,Paul Garcia,68,42367.408434574834,36277.93223928947,6089.476195285366
GB09EUAH39353916966617,Jesus Wilson,24,31951.17899335481,50887.48619704186,-18936.307203687047
GB11QRPA28393022092073,Jeremy Weeks,38,33724.57562116838,58845.863059346084,-25121.287438177707
GB33HVEW38900074520492,Bobby Hamilton,26,50480.84946661382,55432.43528272189,-4951.585816108069
GB57OZSU66933240250303,Michelle Short,56,52597.22501721482,35111.50578213726,17485.71923507756
GB27WBAG35318838071902,Laura Meyer,35,40956.83374895591,28803.82566710989,12153.008081846023
GB06NOKR49136046933783,Heather Gilbert,21,56385.92458777374,41408.86246911204,14977.062118661699
GB51QVZU68110978498800,Brenda Williams DDS,42,33384.7993773104,22315.606344371485,11069.193032938918
GB35VKRO26745549783318,Anthony Harris,31,49339.20201352683,43231.67714184782,6107.524871679016
GB67JVOX94395074324008,Denise Perkins,67,37889.838002375436,38523.97413701331,-634.1361346378762
GB95VPAS22569709184942,Diana Ross,26,43481.63892197841,35339.63498131758,8142.003940660834
GB69CPXW44894632520117,Carlos Edwards,43,50473.98671316414,24052.969327332044,26421.017385832092
GB54HPZM90361880540806,Bryan Johnson,19,41395.866347160474,45136.001065697164,-3740.1347185366903
GB04QDCX30226453313371,Adam Johnson,37,46154.44455770175,34672.991603380884,11481.452954320863
GB08WVYG35765447035914,Mark Moran,45,60062.92809214441,28300.83164289712,31762.09644924729
GB69ECJN87307345877636,Alexander Mcclain,64,44231.081304768515,11277.377867183506,32953.703437585005
GB90XUYC84088961442548,Lauren Taylor,24,58356.921120651416,39724.85094949364,18632.07017115778
GB73ZYQA03805326216283,Melissa Peterson,61,38702.93145342382,57722.51596669744,-19019.58451327362
GB17EKPV42278626793270,Danny Hernandez,25,55298.04177915283,56612.5921454787,-1314.5503663258714
GB66VEMM69435611010352,Tina Davidson,64,64415.686206579005,35429.03743413728,28986.648772441724
GB70OYWK95074561544621,Frank Harris,52,25283.554998727108,33977.879396382195,-8694.324397655088
GB53SYLA59081886174593,Diane Johnson,31,42031.04744529523,44687.74256075024,-2656.6951154550043
GB79VRUX12121666328577,Bryan Diaz,34,55770.7212718054,30016.145608117084,25754.575663688316
GB89EAYZ70014077089030,Christopher Harper,53,47969.54613957007,43017.91899819466,4951.6271413754075
GB52GUDI48714722581030,Melissa Hodge,67,53711.45873371309,47660.802783846906,6050.655949866181
GB70LOQW09302836317212,Amanda Mercer,57,43960.148132841794,52269.332238843075,-8309.184106001281
GB68RSRQ90467267604974,Kelsey Sanders,21,50865.897874729,38998.45923520047,11867.438639528533
GB26EGZS18691285981040,Justin Watts,19,48443.227646079205,37963.26249823034,10479.965147848867
GB89OQVX04333663299801,Jacob Porter,23,61677.820616598074,31220.17413243439,30457.646484163684
GB12CPPL92823556887553,Gregory Ford,59,52544.20843301213,31731.1964596014,20813.01197341073
GB71RHSM69068170971708,Taylor Skinner,21,53376.026620752025,37735.21108098473,15640.815539767296
GB62GIXJ78915822418368,Jason West,46,45881.23033877533,43673.65506816178,2207.5752706135463
GB72DFOM26757227712285,Ashley Brown,35,45123.93775927507,49135.846262332496,-4011.908503057428
GB45SSEA17726130868673,Kristin Brown,43,45674.41812180379,31968.21049319655,13706.20762860724
GB55IUSA14525640758959,Robert Smith,61,53944.52142378297,54926.88568959522,-982.364265812248
GB93GTIF28565990501557,Jeffrey Sherman,51,45790.15519179737,37288.76398957431,8501.391202223058
GB53PBNN51820584515270,Margaret Leblanc,27,52897.748568964125,39786.32705651564,13111.421512448484
GB21HGDO86111924604224,Randall Stephens,53,70754.00798645438,32527.883208521765,38226.124777932615
GB94MENB88620542637216,Dustin Spencer,31,58711.247034316926,15757.597397270583,42953.64963704634
GB10GEOG91681979076766,Brandon Walsh,48,46739.76467832159,48840.4539636105,-2100.689285288907
GB12LHAU12210620843372,Anthony Terry,65,62012.139221639445,47368.43897092433,14643.700250715112
GB91IPFK88248177058481,Steven Fitzpatrick,32,45919.24626978449,37186.72442881786,8732.521840966627
GB59KFTU87315348013049,Elizabeth Martinez,25,29618.75464822146,40669.90717224872,-11051.15252402726
GB45EITX34166762963555,Helen Nguyen,31,39919.13689082596,45159.392177040994,-5240.255286215033
GB74TICS63234658819034,Christian Miller,40,31292.08078974144,24374.541431134574,6917.539358606868
GB98HOTA35984690328668,David Jimenez,57,46484.865159586916,34709.473226537055,11775.391933049861
GB70LYHT11319747758950,Sandra Combs,38,50184.18379189551,47942.64679621827,2241.536995677241
GB39BBII75529634969305,Michele Price,33,66764.37312275283,27457.105768307505,39307.26735444533
GB98XUTO92760692237428,Derek Curtis,62,53269.273737641626,42935.57932166629,10333.694415975333
GB52VWIK52542742314498,Victoria Tyler,35,47808.99471191136,26434.18195376595,21374.812758145406
GB11DCYH58763729697646,Erica Thomas,64,58294.05581183489,44664.29982433526,13629.75598749963
GB25LJMQ37457699943846,Jason Nelson,41,27888.64690992115,39643.58517702516,-11754.938267104011
GB18QBDS84470746792397,Michaela Sims,43,52356.14558108566,23848.681840944904,28507.463740140753
GB42JMWJ15636783656362,Kara Garcia,42,57708.65193886967,51647.393544571714,6061.2583942979545
GB13PUBU38120199168792,Olivia Romero,62,35214.137542201584,32654.08423201951,2560.053310182073
GB48AIGQ30367485746498,Charles Davis,58,61437.54043206929,31897.47562985619,29540.0648022131
GB52INNO13563908763142,Joseph Henry,46,53384.96407494414,42005.691972309425,11379.272102634714
GB75KHEZ15832209326421,Haley Watson,32,45847.120860991985,51486.37349428715,-5639.2526332951675
GB92MEGD50426417968581,Kristen Nelson,62,56327.81866106285,29841.78181021603,26486.036850846816
GB16PITV84099390517690,Reginald Hardin,18,72706.92857804395,40616.798498479715,32090.13007956424
GB09ELNU23870794513611,Kathleen Ruiz,42,51818.66255058495,44288.16500330573,7530.497547279221
GB23UHGE02300173170301,Natalie Beard,24,52482.205863003364,46931.05607263144,5551.149790371921
GB20GOJV97006377859463,James Williams,26,45406.39100459756,41764.415552772254,3641.975451825303
GB61KFOP64453382077707,Sandra Wolf,41,41501.55630535208,36329.72160916678,5171.834696185302
GB82EQNC82380540039353,Kimberly Banks,18,58303.358165442456,31724.097793512803,26579.260371929653
GB26DCUU45716778823669,James Robinson,61,41439.161740911324,40861.43883046375,577.7229104475773
GB47VDEI48968663286537,Mr. Joseph Baker,25,50715.662372193925,29278.60988014393,21437.052492049996
GB76CIQI85083338298105,Carly Jordan,41,45223.42553234883,10786.495165053926,34436.9303672949
GB52ZVSM45543347372856,William Quinn,28,54789.79825746392,44365.598041576675,10424.200215887242
GB30HVED90150199633422,George Davies,68,53336.62105286949,49039.34841086195,4297.272642007534
GB47AKNX10159550535152,Paige Wells,34,60375.39944257899,16370.675644581615,44004.72379799738
GB23KAJS91691977738785,James Gomez,25,44899.83601145253,29902.692952900623,14997.143058551905
GB36MBQN46917001198405,Dr. Brendan Bright,52,47301.250647066285,46191.542610051976,1109.7080370143085
GB20RXKQ26165733164684,Michael Dawson,52,40212.362842176924,60574.954697116984,-20362.59185494006
GB51RECZ00268538791154,Steven Roberts,50,45557.067399238884,40207.93707675408,5349.130322484802
GB44FWIP12209499818876,Stephanie Henry,22,53773.00493044852,32719.970587708656,21053.034342739866
GB48WGYA55042825459757,Dustin Brown,59,57569.88616645352,38171.0355889516,19398.850577501922
GB86QSYY07243723478480,Katherine Adams,56,40778.34675822374,53748.764191481845,-12970.417433258102
GB25WFSC09962759021272,Justin Alvarez,58,58696.0592010566,33540.358208754646,25155.700992301958
GB53SQFO62561759122706,Vanessa Barber,45,63556.37858804951,32008.079933497465,31548.298654552047
GB78SXDU18368517035564,Madison Cook,24,54134.349032237005,35172.56477817967,18961.784254057333
GB73RZTE33034021327705,David Vasquez,26,68767.95812558066,30466.713917412875,38301.24420816778
GB49ZTJA20449753020700,Kathryn Brennan,25,42262.10800896427,41226.70315994795,1035.4048490163186
GB22VUWV87842912106135,Sally Bray,29,37553.45296688583,56246.784584695604,-18693.331617809774
GB03YSKK13399701927040,Luke Barber,51,32212.797510957214,43230.79273116029,-11017.995220203076
GB46FZJI94710764658479,Jeffery Walsh,50,64960.44311489183,37476.46497873712,27483.978136154707
GB30AXMR20849543323118,Mary Peterson,65,56543.65656354058,37081.88731084456,19461.769252696016
GB68ESZU12434336281969,Jeffrey Gardner,40,49444.15329089545,24368.09191303343,25076.061377862017
GB82CPKD55346981837069,Christian Ho,41,52799.6862631982,48831.09777147159,3968.5884917266085
GB18WWLF53697011921621,Chad Powell,54,38745.10952701623,39221.62802987198,-476.5185028557462
GB29NHER51166686355110,Rebecca Harris,52,74457.51979616826,38195.20086409374,36262.318932074515
GB97ZNPR98853242053185,Kayla Chandler,61,51292.21181975227,71931.07567844861,-20638.863858696343
GB87OYMJ95390360034398,Johnny Miller,57,51093.94794604893,42987.52908365686,8106.418862392071
GB88NHKW66228039725176,Rachael Fletcher,39,57257.66623898692,32482.089499048157,24775.576739938766
GB04AQLD15590967674925,Ryan Ortiz,44,54810.09231736713,35736.42403794457,19073.668279422564
GB97GIUQ66466498137102,Audrey Horne DDS,52,52238.84024279132,51484.457091967546,754.3831508237708
GB14ZYWY83571595536374,Erica Guerrero,18,42095.25544554688,41132.70410537764,962.5513401692369
GB64OTTT77162018132398,Cody Middleton,52,54714.68357135996,25617.220216826332,29097.463354533626
GB35YWQX75297375370744,Tina Hernandez,54,68820.24496475034,49192.28934575203,19627.955618998305
GB21GJFR44449380566654,Corey Wright DVM,64,63454.20046154978,33318.55914461006,30135.64131693972
GB71EPAR62860548086486,Erik Herrera,31,65931.86626639398,58732.977762175455,7198.888504218521
GB09ZOJI33749199491149,Carlos Hammond,20,44887.843235688146,50800.48065714649,-5912.637421458341
GB53PTCK99481885540631,Marco Brown,18,40103.95179741419,35526.78104341249,4577.170754001701
GB85WTAB37854752224142,Todd Blankenship,22,48742.13079900352,52810.16361735113,-4068.0328183476086
GB35RAJN20740200299951,Mary Blake,43,50557.24912288695,40678.555105274034,9878.694017612914
GB47LMCB51392890246916,Nicole Jenkins,31,60941.91518470948,48527.7367512222,12414.178433487286
GB18WOYU71806729055168,Jennifer Carter,56,33075.353702851804,44847.32817294475,-11771.974470092944
GB41QPNU34797895367448,Alexander Joseph,44,65295.503194606135,31536.433450091266,33759.06974451487
GB23VTCN53340451515736,Amy Monroe,26,48419.92101421011,33564.501676825384,14855.419337384723
GB57TWZB48646249439479,Jennifer Richardson,32,45731.1893005258,50299.60817581161,-4568.41887528581
GB39FPZL83317273847115,Bryan Holt,32,39878.956247398324,36652.24667893459,3226.7095684637316
GB46TDMT99011822544408,Robert Johnson,43,33451.4332813423,35963.51536758003,-2512.0820862377295
GB46BNTJ12213402470427,Emily Lopez,59,58231.70583961914,30448.77420650647,27782.931633112672
GB11IKUA81889003333347,Jennifer Martinez,30,50733.17967188404,44235.99065593461,6497.189015949429
GB27AOAL77633494935550,Andrea Bartlett,68,37100.39100258946,60625.24919243145,-23524.858189841994
GB82UZKZ14209926200334,Heather Molina,49,37049.21227936384,29324.67085745727,7724.5414219065715
GB50BEJE30213026166334,Marco Castaneda,56,46642.15300709872,40242.19456672758,6399.9584403711415
GB78SJZZ23427028071445,Sharon Smith,66,66690.21525289393,54122.205554154294,12568.00969873964
GB21DJPC18301627862270,Andrea Gonzalez,69,47404.08648636395,39203.58608754285,8200.500398821103
GB16ZGLF87696742116438,Johnny Huffman,49,34968.570468818936,44523.71796249734,-9555.147493678407
GB29HXGV10379497545468,Wendy Thompson,21,47542.56935914056,29376.064718531205,18166.504640609353
GB80NGCU18224478212197,Victor Davis,47,47272.7643025233,44283.070972076486,2989.693330446811
GB98OHMB95133146828787,Kenneth Perry,54,23031.133570584283,38128.55734995451,-15097.42377937023
GB86LQQY55743190497596,Carla Ryan,40,49457.05133482188,49857.299956798626,-400.2486219767452
GB23UPOB72255262623010,David Brown,56,47690.65469791322,51873.86051564751,-4183.2058177342915
GB69HABU00181774122536,Cynthia Johnson,62,56962.063648134186,65895.63642018613,-8933.572772051943
GB77UZVG69487266013240,Rachel Kennedy,32,68489.56094945346,45796.33173213575,22693.229217317705
GB10GOOP52807192048530,Felicia Hernandez,60,61265.65029547757,43257.96316582167,18007.687129655904
GB26RWXL06285324085854,Michael Walsh,46,47311.11309445169,41943.84301577336,5367.270078678332
GB13NTOH20158992164082,Tammy Day,53,38934.7409125833,36468.33707189312,2466.403840690182
GB66ZELC65660140674743,Cameron Smith,30,75733.5980324986,43384.83843461691,32348.75959788169
GB62CBMF14545655825168,Christian Chandler,49,50592.184340144886,37045.9858986097,13546.198441535184
GB98UKWD14043852526247,Aaron Ford,24,50139.29291912946,41684.60976269614,8454.683156433319
GB94BLBM17478289184644,Ryan Aguilar,68,49758.749128899966,53175.975356079594,-3417.226227179628
GB98FFWF97286725690485,Jessica Lopez,39,51980.84760767855,29934.57434720359,22046.27326047496
GB29TAPZ30847454286260,Brian Palmer,45,48556.395880760574,51398.785611290456,-2842.3897305298815
GB35HUCI43544936924763,Brandon Mueller,19,44263.37993119764,53171.15067339865,-8907.770742201013
GB96MVGC16457355816400,Jessica Martin,59,44531.41058759608,38819.314730089216,5712.095857506865
GB09HGPF24095696630851,Stephanie Harper,62,49672.46729784002,18781.451009914053,30891.016287925966
GB16SVEN43763748442080,Ryan Carrillo,23,44565.75228866235,33921.780129055674,10643.972159606674
GB45VFUD17302947131862,Harold Diaz,45,42871.54217322836,52969.94546561109,-10098.403292382733
GB73XCSA10112998270473,Cody Barr,45,51064.30227691897,39771.319377011176,11292.982899907794
GB93AKTM72997811062500,Adrienne Waller,61,47450.22782579145,30006.97767705089,17443.25014874056
GB39WOME69750582751443,Timothy Perez,61,65039.92988582688,34952.25078771783,30087.679098109053
GB95FYTT85133543412373,Eric Blackwell,37,23490.30191606988,48406.20026504553,-24915.898348975654
GB45QGLD60528099155070,Crystal Garrett,47,60915.06851922462,45467.33568201379,15447.732837210824
GB54GWPF99947780697397,Travis Campbell MD,28,62460.85192497629,37610.67900830306,24850.172916673233
GB77YWGD89759249724546,Angel Mccormick,45,29266.097675918507,36331.755881853125,-7065.658205934618
GB42OXOY33760870612916,Tina Cook,42,46573.12405919651,36082.41850956178,10490.705549634731
GB76LQWX50725044237936,Kevin Garrett,56,46285.59134004208,30775.898155014973,15509.69318502711
GB83OIBZ33825639708018,Phillip Garcia,50,35924.88305282179,56153.756894694416,-20228.873841872628
GB34HXBC73509485033109,Derek Guerrero,18,42221.833124091245,36776.7953078866,5445.037816204647
GB72NBYH67978224911981,George Davis,44,38894.24154534171,52171.58520825497,-13277.343662913256
GB81QSVP65321600067177,Samantha Leon,69,67522.70443423622,55213.16051922451,12309.543915011709
GB26OCBZ06213887678092,Eric Washington,30,59356.78393147461,49983.10898147961,9373.674949995002
GB72ZDBK73307049338809,Heather Peterson,58,62715.550949941586,35683.79687281952,27031.754077122067
GB32ABUY47359382091339,Cheryl Roberts,20,57216.72064043235,44037.30090336609,13179.419737066259
GB90MECD06131407772815,Antonio Rojas,56,38709.48228782771,39758.043936090835,-1048.561648263123
GB69YJVH58318946194944,Valerie Johnson,23,44754.79733720226,30962.98139269872,13791.815944503542
GB03FDKT00735769964787,Jennifer Trujillo,25,54893.74561227918,43243.59281721603,11650.15279506315
GB09NSGY65044932484177,Kelly Good,44,37778.721911080545,28209.602088401974,9569.119822678571
GB25QXJG23136648662129,Jane Williams,26,57129.98430172388,51876.79388461564,5253.190417108242
GB06KJWK61841992222228,Amy Humphrey,54,47596.74601841865,35353.82702701607,12242.918991402577
GB70JQBI52326182585065,Donald Robinson Jr.,50,46251.791924504025,42011.59655872839,4240.195365775631
GB82VEGZ45790387229092,Kenneth Cox,68,57109.59968203492,42832.87871546142,14276.720966573499
GB23WYRD27259690409114,Brian Moran,59,54442.6331148604,37410.950262959224,17031.682851901176
GB58XDTT96361125748124,Sean Carter,61,46390.3383418092,45866.93801475275,523.4003270564499
GB23PHPD02512920141717,Tyler Coleman,41,61593.29803364248,35250.963433774756,26342.334599867725
GB77VJPW14046333029759,Andrew Ward,32,39189.366724001025,48712.97297457244,-9523.606250571414
GB18FOJU42624727696501,Megan Reid,49,56159.356069442634,26540.203197532515,29619.15287191012
GB14HBZK88851487022441,Alexandra Johnson,49,55931.01257968384,41263.79579546412,14667.216784219723
GB67IAUG93458115315714,John Patel,41,46904.535606860096,59389.289990582845,-12484.75438372275
GB66XOAB33210297168930,Olivia Evans,58,53261.33022242118,29996.686753944254,23264.643468476927
GB07HLWF10797244696256,Angela Hayes,69,37488.86423614697,33222.55029475148,4266.313941395485
GB43TKCD41352116981505,Carolyn Cameron,66,59240.27019206901,45139.07849658915,14101.191695479858
GB68ZHET32227658959502,Reginald Bradley,66,48150.97863557011,41795.81781939598,6355.160816174124
GB61JISV17540235341238,John Montgomery,69,44772.7697948096,43506.30099273559,1266.468802074014
GB59QDTC03481850691713,Veronica Harvey,29,60490.092258368895,44891.87130147663,15598.220956892263
GB16TZTR24514060964365,Erik Morris,56,42956.563094572404,46347.2146856177,-3390.6515910452945
GB54OZCW54154139010814,Maria Burgess,19,35915.3870363644,51096.99841956223,-15181.61138319783
GB18UMUP26603886508961,Samantha Buck,20,34433.708264760964,44098.18656928513,-9664.478304524164
GB59ZZBJ43579181183042,Shawn Bryant,66,56060.09951345639,37587.423453814576,18472.676059641817
GB30ORIX31135358444304,Earl Morales,54,37195.70647503717,46725.73701202731,-9530.03053699014
GB06XRVL63697969758329,Theresa Jordan,66,67547.94181984365,58998.81934895215,8549.122470891496
GB60OHCP18587232579440,Lisa Cox,34,29180.70592116278,38673.66253617426,-9492.956615011484
GB45IKHS69866920687898,Melissa Robinson,66,66964.56368290038,30254.706953293586,36709.85672960679
GB53LACZ45629043739925,Mary Lane,19,52110.17467202619,51070.80669286973,1039.3679791564573
GB16CYAN06899085780202,Sara Jackson,19,49032.868881296075,38796.18836046402,10236.680520832058
GB39RAPU59198024710112,Ethan Garner,45,44550.80913191051,18273.304539859637,26277.50459205087
GB88ANPZ00527850779197,John Manning,40,53991.361143520706,48474.216771504216,5517.14437201649
GB80WXLA23271660713405,Marilyn Stewart,54,49623.652975751516,34646.71814046077,14976.934835290747
GB96NXAH34268270730860,Thomas Hernandez,49,61033.01882016522,39094.66717695839,21938.351643206828
GB50ICRW64902783814379,James Jenkins,50,51142.276486620394,43319.80330569015,7822.473180930247
GB83PAXI38520084278078,Martin Harris,18,51503.01761461877,41904.99679779066,9598.02081682811
GB51TVVC69425611219572,Lawrence Gomez,36,46363.87787786144,47094.518171390395,-730.6402935289516
GB74CZFW54450082422047,Brandon Small,19,49430.543762789326,35645.13629430156,13785.407468487763
GB42KPAI99610667131709,Kimberly Myers,61,53078.01768892059,45131.05798176083,7946.95970715976
GB83ARJG19783839600621,Katherine Young,43,32898.31607343374,37404.53322416083,-4506.217150727083
GB19YLWK41872877569262,Michael Greer,49,36518.14577894287,47388.10480887503,-10869.959029932164
GB94XOKP43665070057507,Jessica Perez,23,57432.64094022715,46153.67484013054,11278.966100096615
GB48DQGI68908412796829,Terri Chen,49,51708.65438127942,30645.612979554047,21063.04140172537
GB48EDJZ83713913103680,Breanna Graham,21,48160.16663647321,50859.82116175032,-2699.65452527711
GB15JMRD21725626203653,Katherine Campbell,28,50184.33933065393,34640.36554885952,15543.973781794411
GB49HNNI33315180606763,Sandra Mcguire,34,53475.81705361671,48080.577982811454,5395.239070805255
GB06DRRP30480867523675,Kelsey Berry,55,44602.40319690639,43672.8731340134,929.5300628929836
GB95XSZC17823853211129,Paula Hooper,41,42216.95274597687,58381.83676795122,-16164.88402197435
GB17CSDT73576820494558,Michael White MD,22,51958.452550976814,37765.340176281476,14193.112374695338
GB33ZBFC54181811208901,Stephen Garcia,69,40216.27222384968,36506.83203881802,3709.440185031657
GB89UQRH32371972508353,Meghan Nguyen,51,54082.52755714472,39805.80394112267,14276.72361602205
GB09EEEN08237148545759,Andrew Kelly,23,32974.1639576216,36968.20217165725,-3994.0382140356523
GB56VXNJ24325024253101,Lawrence Moody,39,60291.55637325643,47999.4190194205,12292.137353835933
GB13HIOR88440397788070,Rebecca Rivera,28,54725.97482413043,23836.893915634122,30889.08090849631
GB12ZLHA65152039406191,Melissa Carlson,65,52560.29734313876,29463.175808536456,23097.121534602302
GB13DIOQ64512783583036,Christine Gomez,33,59826.90983945514,29321.970784208068,30504.939055247072
GB52MSVN35484298701060,Kenneth Lamb,50,66654.74444462577,49503.075919735755,17151.668524890018
GB43FCQP87518856720817,Lauren Alvarez,26,60143.7006501813,57106.13372581925,3037.5669243620505
GB91CBDH61561945171070,Mary Erickson,23,31591.257686683548,38955.507814625285,-7364.250127941737
GB49MJLI97597173037596,Tammy Reynolds,33,37204.23033264298,38311.782768099896,-1107.5524354569134
GB75NLAU66966803881432,Brittany Nelson,46,43751.81422304321,40700.521631131815,3051.2925919113986
GB34HQQX33985761137123,Jennifer Bauer,20,50260.91050210834,51618.7830260819,-1357.872523973565
GB96SCXN30419128018510,Sandra Christensen,37,55176.59020469123,30726.468658094258,24450.121546596973
GB34ARRD36187616217649,Bradley Miller,53,42742.561868465345,42383.68982734785,358.8720411174945
GB38HSPG42379239684147,Peter Wilson,36,51867.66764477079,49751.976297824294,2115.6913469464926
GB53CIHE84554898441641,Caitlin Kim,43,42446.170676466776,45010.94169939845,-2564.7710229316726
GB24ADXS73484728667372,Larry Drake,20,43884.82197008052,41895.81616598743,1989.005804093089
GB52XFMP45594335037318,Janet Buchanan,36,35933.38903151778,50010.46092567141,-14077.071894153632
GB76MQZY36250857688132,David Stevens,37,40767.66753889096,12967.677070007629,27799.990468883327
GB05HUNW04222442033077,Amber Soto,49,36483.15394383667,46778.75319530907,-10295.599251472406
GB86WRMY91890905335728,Hannah Johnston,24,40241.267470226674,33459.24316872576,6782.024301500911
GB80GZLY86975098450272,Kelly Barnes,69,60536.41796607839,21693.67103143543,38842.74693464296
GB04KHWZ92702963137336,Carlos Robinson,58,40506.01111168057,45112.02599524981,-4606.014883569238
GB56TKRX57328502764981,Anthony White,50,76323.8206483739,53736.58545162958,22587.235196744325
GB11IRTG41110880609069,Natasha Moore,57,54933.17900880889,38625.514853723085,16307.664155085804
GB81RUJE25334764215636,Carlos Cantrell,56,51848.36123694874,49528.74547202938,2319.6157649193556
GB35EQUL52460142576106,Andre Wiley,35,41416.422198187865,56122.78257988646,-14706.360381698592
GB71CGPE68963786390856,Brandi Foster,57,57003.098794089914,53149.144535840474,3853.9542582494396
GB28USJX57606265837706,Yesenia Martinez,18,44243.62173762226,56399.645293713926,-12156.023556091663
GB98YBKQ23142010495677,Jonathan Decker,28,51220.098146453616,47421.27491071892,3798.8232357346933
GB85EFWW19738185155429,Melissa Holmes DDS,45,75600.84538268794,40754.33638901593,34846.50899367201
GB79BVBO88220921525156,Mr. Charles Lopez,42,49039.401002753504,23980.341881028315,25059.05912172519
GB80SHWB97584336142118,Isaiah Hill,67,61492.73326285676,37539.37511870052,23953.358144156242
GB96LIKX91610709936081,Victor Nguyen,40,42968.23574874113,31567.534046838085,11400.701701903043
GB23NUWP70494308988833,Erik Miller,48,49650.115095030385,61709.42717497814,-12059.312079947755
GB13OQJQ66446760942720,Blake King,47,67708.0063563551,38241.141875676636,29466.864480678458
GB88SKJO66929038908221,Angela Jones,59,43730.329422122326,41232.04806784486,2498.2813542774675
GB33SKMC75943591108492,Brooke Ellis,52,68124.48557996929,45514.85376040468,22609.63181956461
GB66ULQP49565890190696,Bryan Ward,24,57077.51935455475,40436.024463724534,16641.494890830218
GB17HIKY97985247465940,Cheryl Dawson,33,44375.332241057324,56950.51040430753,-12575.17816325021
GB25QRYP65627522066774,Anita Davis,43,56324.077390555205,33773.50638265548,22550.57100789972
GB87GKOZ89401510329310,Christopher Boyer,65,59725.5444962673,41946.074552372425,17779.469943894874
GB63YCCE92235603756318,Jeffrey Hart,69,56218.09962217196,32575.294143019517,23642.805479152445
GB55NNII53735251249345,Eric Stanley,66,34297.752801095434,26799.77488779294,7497.977913302493
GB28XCMZ71153764013117,Jeanette Glover,19,42728.628241751314,33882.30909094714,8846.319150804171
GB31PUYL03997181248868,Charles Harvey,18,47524.81364448495,39629.63202951588,7895.181614969071
GB69GEMS44817003742962,Jacqueline Boyle,65,49255.665708999535,35706.9777548274,13548.687954172136
GB82ERKE50950062608322,Anthony Bates,29,56206.72097550678,33075.79020126144,23130.93077424534
GB94DCMH13425870321935,Timothy Gonzalez,22,51777.01000933254,25936.825363281663,25840.184646050875
GB13ZGDV28320415820576,Samantha Moore MD,54,36646.556412898986,39168.94427371305,-2522.387860814066
GB89FKPQ27434931955529,Karen Alvarez,49,53801.978510059635,24952.796259689978,28849.182250369657
GB35VATP93528155030942,John Warren,26,56105.85745283823,47600.559636896025,8505.297815942205
GB45KHRX57277291378162,Ronald Baker,58,55597.9044793104,40824.397529345035,14773.506949965362
GB94CIHF57272825457154,Jeffrey Diaz,52,60807.80725554622,25424.485005350693,35383.32225019553
GB65PKGT71381129728081,Paula Cox,36,58339.22154548904,36907.90922950137,21431.31231598767
GB66XPXV63781209879973,Alison Carpenter,65,54591.80079228437,32478.43594409417,22113.3648481902
GB49RLLL30355209881118,Christopher Melton,33,49298.34288541353,43191.7451041918,6106.597781221724
GB27WWUT01539918636213,Scott Gonzalez,20,33390.39066484009,53404.504460231445,-20014.113795391357
GB19VWUK74319293283095,David Murray,37,54296.18219132586,21248.275303542556,33047.906887783305
GB23XUDV70406736310226,Christina Grant,41,52076.87687163111,41150.260791474175,10926.616080156935
GB22OGCB57798725361513,Dr. Lisa Brown,50,52715.788371953735,38398.672044333594,14317.11632762014
GB58JEBE41164460235040,Danielle Schroeder,41,37232.514241796904,46713.40076450465,-9480.886522707748
GB95OPZU40597069144905,Michelle Duarte,69,39189.43459591737,42131.96628237689,-2942.531686459515
GB14BROQ09930948156330,Kim Holland,28,60531.52853332904,32480.30668261181,28051.22185071723
GB91AVSS79858817878957,Corey Hunter,66,49604.44846143345,36809.46064333382,12794.987818099631
GB90JSSI62837409514753,Jeffrey Taylor DVM,25,56815.006973726246,32039.74143196511,24775.265541761135
GB83IOEO37694546024832,Charles Higgins,53,50283.183761304594,50760.07138598598,-476.88762468138884
GB13CULU57423604180981,Melanie Blackwell,55,50297.56139495743,40213.116486719424,10084.444908238009
GB57JSXL07500567861022,Sharon Garza,57,59382.838059759975,59011.90685753008,370.9312022298982
GB53ROZZ53473013843506,Anthony Moore,37,44839.552717826264,39393.391861853794,5446.16085597247
GB14MJTX85334220236589,Joe Wilson,52,50961.20776940983,32915.932330895375,18045.275438514458
GB52DEBX25393312031963,Sergio Johnson,65,45377.247112949575,24862.856073871728,20514.391039077847
GB29WDMM03952720013116,Katherine Rivera,42,45655.03772567684,21968.603237440548,23686.434488236293
GB44NQHI99250651053878,Cody Fields,52,46908.278765313604,24158.640569945102,22749.6381953685
GB19DHTW22402740502575,Paula White,42,52221.337716337126,42671.26651011484,9550.071206222288
GB61HCXV17178930087607,Rebecca Jones,46,45212.513783365226,45087.25023229934,125.26355106588744
GB23NFFH20088557220765,Christopher Robertson,35,62557.56125573521,24188.092979678666,38369.46827605654
GB72NGMP51107369426001,Beverly Kelley,63,41053.926977804964,48950.38314076116,-7896.456162956194
GB91PPTN05011666574898,Richard Miller,35,48131.28355838641,35169.38948316561,12961.8940752208
GB28KQGV11108454197994,Carol Schneider,19,45602.689417258254,41467.9301198555,4134.7592974027575
GB66CDBG27310658729210,Bradley Johnston,52,64469.77884353733,56122.206282554245,8347.572560983084
GB64JCOM91125825593488,Stephanie Reynolds,33,51965.54776511575,48968.393158655315,2997.1546064604336
GB09JNWO81916939250018,Dean Sawyer,58,60318.44539468635,37314.69352094168,23003.751873744674
GB64XMXP47666711805402,Shane Cox,53,35144.39626963028,31088.077745847128,4056.3185237831494
GB51OPAB41066417915014,Paul Jones,50,52670.50265869259,18481.84598670695,34188.656671985635
GB84WCVS54925574420176,Carla Walter,21,58896.30795623437,32808.4668075758,26087.84114865857
GB31DDZE58546303238061,Mary Russell,50,50822.839892754244,37888.69761172306,12934.142281031185
GB69FZRS27894468768631,Cheyenne Coffey,31,60654.80375065351,30128.204728488163,30526.59902216535
GB12YTCA25541403297799,Elizabeth Smith,38,44827.11549899628,38687.43032907695,6139.6851699193285
GB93URCN17527491583100,Clifford Rivers,65,64093.4744018558,40768.51882958768,23324.955572268118
GB64DAFZ85886953408288,Barbara Perez,37,72988.9812361925,37751.44018191921,35237.541054273286
GB39WDDQ13207577992767,Mary Anderson,25,46371.61439560341,33499.9741917654,12871.640203838004
GB28JKGY87401853928664,Tammy Fritz,24,45544.97478599228,41686.546719667276,3858.428066325003
GB16UDWR90376153327558,Vincent Bartlett,20,64533.844771177006,44419.40649569409,20114.438275482913
GB65YNQA89342898418050,Peter Pineda,34,65795.72145730713,29096.00922557154,36699.71223173558
GB94IKAF73357342970820,Emily Robertson,50,44771.39972846732,54109.3237974627,-9337.92406899538
GB35BWPQ76677170779805,Latoya Mays,65,45798.13182904143,39014.118677157385,6784.013151884043
GB26EZVJ06507793934996,Matthew Villanueva,29,47182.153911394926,40188.49622944848,6993.657681946446
GB05XLNK30668058149276,Daisy Murray,68,36555.49488965723,47082.14423256557,-10526.649342908342
GB67QJGH95487494410816,Joseph Carr,39,40813.480535158014,42332.16131263502,-1518.680777477006
GB81AQVL84099337235888,John Cunningham,39,39958.59233247932,49531.36633913245,-9572.774006653133
GB35SYGV41567653404274,Denise Drake,63,42322.024348958716,42871.241652018245,-549.2173030595295
GB67MDQW15153362060644,Taylor Smith,47,49653.15112613219,33875.62625359562,15777.524872536567
GB46QAHU24858577446790,Robert Smith,55,52342.1473253652,43615.03525206102,8727.112073304183
GB85KSKI47835211047973,William Marks,55,65505.00492814077,28562.737926793383,36942.26700134738
GB15SETA59595049120477,Stephanie Clarke,62,40016.45959261209,41085.59705776523,-1069.1374651531441
GB35XCRE57797498748717,David Moore,68,59843.223984765835,39667.700093555395,20175.52389121044
GB58WNKU54831922376114,Jason Ferguson,25,47860.11155774491,37918.83142727461,9941.280130470303
GB55JFGC16944080572386,Matthew Hill,44,49505.362903475674,38714.62488561069,10790.738017864984
GB22IZTP41631122875244,Brett Hayden,44,56748.194921666036,21181.509545023608,35566.68537664243
GB53AZOL45982458226608,Joseph Newman PhD,51,38772.77978437702,34512.750922590385,4260.028861786632
GB26HBCE72161766345761,Heather Howard,38,53824.09746184051,40928.44901141115,12895.648450429362
GB85PJWE64311603006050,David Levine,47,51664.52208213056,41598.563919974,10065.95816215656
GB72DSSW69664498667185,Miss Heather Fritz,50,54924.51264008149,29723.24859074042,25201.264049341073
GB23NOMS77297361140854,Dana Mccall,45,52891.68643907818,52657.078408647,234.6080304311763
GB88YMRB11508489772423,Zachary Walter,64,74553.00139910894,31338.251517854995,43214.74988125394
GB90BXLB94211235573253,Mark Conley,50,43622.60015748684,49694.57200526737,-6071.971847780529
GB22FHQA07587626779655,Shannon Wilson,22,44690.03044998182,44271.94361871685,418.08683126497635
GB30QUQQ45418132960339,Alexis Martinez,65,43768.594735752355,33537.72690156197,10230.867834190387
GB03FQOD07283005107864,Miss Lisa Ortega,36,44445.228808397456,57753.10892609512,-13307.880117697663
GB17LDVE35794827253698,William Santos DDS,21,43626.128726934825,28063.6316824352,15562.497044499625
GB14YLFQ22167679122726,Ronald Padilla,52,61890.16531107552,49191.541736100015,12698.623574975507
GB11RIZF71734512670513,Dillon Vance,66,64205.04247989855,50005.82318042978,14199.219299468765
GB09EEUW91586487378471,Amy Johnson,34,44292.53706250524,33293.79790923355,10998.739153271687
GB56OWHG32484419751085,Michael Carroll,61,41676.44426895771,53924.65300064329,-12248.208731685576
GB24FMYE93830614137183,Melvin Zuniga,45,54714.15556386404,37499.534854010475,17214.620709853567
GB67EHTT92472630358431,Randy Newton,47,44477.76955719029,42886.93629279857,1590.8332643917165
GB74FFAC77827707716757,Gabriel Caldwell,46,56329.31817755511,42603.21838771221,13726.099789842905
GB08REPT02407237303727,Charlene Miranda,63,52029.230208513,38656.91258529452,13372.317623218478
GB95RIRP67164022714193,Hannah Harrison,23,34842.55885002768,48108.082731597824,-13265.523881570145
GB17CKDW09437606681572,Mrs. Hannah Hernandez,52,65475.052013300614,47934.88720552213,17540.164807778485
GB13DPVG73671896842583,Michelle Thompson,58,67958.77673095521,22514.68026761819,45444.096463337024
GB92TINK79899236881223,Carolyn Garcia,54,43872.11309515614,53043.40242878153,-9171.289333625384
GB29GPQZ41415393128840,Kristi Warren,41,46122.98440064016,23375.08011964326,22747.904280996903
GB92PUQC73017401630165,Alexander Gutierrez,46,52858.65390724905,50325.46204341657,2533.1918638324787
GB74ZSLD63038975051203,John Robinson,66,53344.56789987025,51267.05136827583,2077.5165315944178
GB55QTSL75073976237327,Jermaine Garcia,63,56585.4427267283,29090.33569784802,27495.107028880284
GB31AEYL85740044520169,Ryan Kennedy,48,70102.0453876635,35891.85712045415,34210.18826720935
GB91EVEY08258104614150,Amanda Garcia,52,48230.5277250595,28942.953315140643,19287.57440991886
GB96ITCQ04490990026201,Michael Gibson,50,42017.02755461546,37850.78969711265,4166.237857502812
GB72CLMA65646340494562,Sara Erickson,69,36206.807719854725,36919.65715814259,-712.8494382878634
GB87RUUK89645148837022,Katherine Turner,38,42690.69960058081,47796.6053226934,-5105.905722112591
GB21YIJD45379977793470,Walter Watkins,49,49668.73027126203,53103.08746119609,-3434.3571899340604
GB03JKEG55997226409216,Deborah Myers,40,67945.57863517788,53956.838107899566,13988.740527278314
GB36GQCK78846955108601,Mark Park,50,44823.88700963829,34378.31973421698,10445.567275421308
GB86DIIY44215500985790,Kristen Williams,20,52237.87951638899,37907.78126255472,14330.098253834265
GB72BDAO40767797994731,Ryan Larson,35,49835.77103927248,23165.6180777905,26670.152961481977
GB36BSJG94294587511569,Joseph Baker,42,61883.93273448084,31941.299335038115,29942.633399442726
GB86QOWG72011916861715,Bryan Waller,59,75269.32425873622,49648.51633097458,25620.80792776164
GB73IDVZ60910652606250,Marcus Gross,48,44691.31227079679,56155.82823548232,-11464.515964685525
GB35UZJW88082486646616,Mrs. Alexis Leon,20,45105.605574817775,27656.51128120078,17449.094293616996
GB30SBAM71934899449884,Karen Fritz,57,60441.60877069072,34075.357408471056,26366.251362219664
GB27YKKL90412354032281,Ashley Torres,63,56818.914896263115,39735.94243041073,17082.972465852385
GB40LBXA25037017412335,Yvette Lee,41,68467.07325736033,42801.611588196065,25665.461669164266
GB31SLLH63520304085280,Allison Hinton,67,55839.281853259636,31903.96480078354,23935.317052476097
GB69YGRU18092196826686,Michael Walker,49,46407.0790921294,44240.61044464089,2166.4686474885093
GB58GLEY10409358265545,Derek Paul,64,55906.54830692309,35261.60652929084,20644.94177763225
GB10IBSF52171718943437,Blake Wong,39,61087.03580582908,39855.47729121721,21231.55851461187
GB96ATPD80767311104339,Carol Howard,40,58204.82181197364,45462.842480037,12741.979331936644
GB76PRWP76766959915770,Zachary Adams,19,55072.74031107298,40064.22269810938,15008.517612963602
GB80HGQW74975870418929,Angela Davila,44,60666.74689589154,35636.14109473431,25030.60580115723
GB80SRUY24743789956660,Elizabeth Cohen,59,61692.95590445673,38903.90196074169,22789.053943715036
GB53NLMH07961051782298,Brandy Lawrence,19,63821.589910375274,39116.37040794665,24705.219502428627
GB12QROA41505201717788,Kaitlin Phillips,43,56487.09887589642,36299.88970117872,20187.209174717704
GB18JRWF11679722055740,Thomas Williams,34,48328.81919683146,37412.039373328975,10916.779823502482
GB02HSQE47596916322633,Randall Herring,57,51467.13686433323,55986.471705047166,-4519.334840713935
GB62PMJE55140163189562,Danielle Smith,50,62065.08966508357,45609.194479412385,16455.895185671186
GB84OXRF35629501160825,Theresa Fields,26,41830.64329012764,37045.1968197084,4785.446470419243
GB81KISK50557708750182,Jeffrey Mejia,60,53686.73308872901,46969.54404510736,6717.189043621649
GB74SHGX59415029584302,Nicole Olsen,65,46066.61187672639,36661.8051024399,9404.806774286488
GB81XQNL31711150112277,Ian Dawson,56,50287.44822934818,51731.246375866416,-1443.7981465182384
GB02FLID70906340805441,Daniel Hurley,46,62784.51862607299,43696.42192198094,19088.09670409205
GB98XNMK72140242557816,Andrew Franco,59,51910.99068019904,38926.978559957715,12984.012120241321
GB85ETID10709523511342,Andrea Chandler,43,50464.36548156149,44477.169258102775,5987.196223458712
GB75HUZZ99400144541579,Preston Moyer,52,36401.43859020081,24291.23847931501,12110.200110885798
GB08HJCX03892824743540,Tom Scott,67,57462.53566027221,28732.325310901946,28730.210349370263
GB21VDVU38744233175449,Dennis Rogers,42,56454.841811410755,28060.749936009444,28394.09187540131
GB62XZBJ14148984842589,Kerry Sharp,41,71632.5472330546,41429.43094763707,30203.116285417535
GB39ACJV78894628649911,Richard Burke,30,46922.21765047,57325.14999485092,-10402.932344380926
GB44WDRH49253731033097,Martha Watson,24,52191.503276639385,62313.001461926324,-10121.498185286939
GB34DMUW64433737108203,Donna Diaz,53,52493.836837107556,46380.51101440757,6113.325822699982
GB64CYWG98587650029861,Timothy Bradley,62,65774.53279763475,45008.44474944457,20766.088048190177
GB16USMN50095406839670,Melissa Cervantes MD,37,49047.04467613048,21989.42265847261,27057.622017657868
GB10EWGI28129616206844,Jasmine Lee,18,52790.21525770339,34573.26200265978,18216.953255043612
GB72DMMW15410791095627,Edward Russo,25,56078.96509716539,32122.16248091761,23956.80261624778
GB56FXKI96312449871345,Barry Rodriguez,63,51866.09123156358,33791.52401748884,18074.56721407474
GB68APCM80418187479157,Brandon Harper,33,45535.66385449472,38318.561814152104,7217.1020403426155
GB21BWMK05096593046126,Renee Bailey,31,51940.899928983075,35279.094223028726,16661.80570595435
GB14KIGL81661507288178,Jeffrey Rogers,29,60736.317498597724,20207.001896242124,40529.3156023556
GB90ZENJ47375136509817,Casey Shields,68,39734.847005889394,47479.102561175336,-7744.255555285941
GB26NJHT28225943190535,Lisa Francis,40,51329.69674146876,29272.569742601936,22057.126998866825
GB47RQGS94992135043667,Kenneth Lozano,32,42998.791850608264,42392.468641111496,606.323209496768
GB94QGZI58943993947458,Jessica Watts,45,61950.46628924843,60740.82669749973,1209.6395917486952
GB39NOMC48085842843633,Taylor Clarke,51,34768.13095216225,30806.154084135767,3961.976868026486
GB38ZJCQ46750249461209,Suzanne Rhodes,19,44410.78152728412,14697.124772536703,29713.656754747415
GB16LYAC78118453098044,Charles Jones,49,53772.11875064521,37139.95778119889,16632.16096944632
GB07IUOQ80574783338437,Steven Vance,40,65655.2402923434,51009.59634998571,14645.643942357689
GB07YTHS75802644068545,Nicholas Keller,39,49342.497389270124,59583.47454220594,-10240.977152935819
GB52OSUQ53748309267336,Tamara Mccoy,68,44448.00473306802,27704.50405547583,16743.500677592187
GB52VQZP19378328333669,Jonathan Chavez,42,68811.5706944059,44966.99223236521,23844.578462040692
GB84DARP75264477052565,Mindy Chambers,39,35519.86099583756,35346.89543219947,172.96556363809214
GB67CEVN97896337172154,Bethany Myers,39,28011.94043379918,38940.51645695864,-10928.576023159461
GB24RRWG20486916013577,Carla Martinez MD,66,54400.14450053332,66443.43347017035,-12043.288969637026
GB27VEDS00856531292426,Audrey Farmer,69,44979.45775647389,24970.29671604847,20009.161040425417
GB32OMWW86902644488537,Jared Park,59,39787.671828692866,42537.396614945734,-2749.7247862528675
GB18OCMJ64988470854896,David Wright,23,57083.56447299353,44676.93171765433,12406.632755339197
GB43OLXS88469788030996,Christy Evans,32,52438.00713771199,50857.86324939347,1580.1438883185183
GB97HPPC29308737615952,Sandra Jones,60,44359.213692632715,40979.83153470895,3379.382157923763
GB07VYIV68398861509430,James Blair,54,37196.956013291056,43080.50539504102,-5883.549381749966
GB91YBVL92129909275172,Dawn Mays,50,58724.573282801444,36083.51432578209,22641.058957019355
GB50WSNM63647484014219,Daniel Duran,25,56502.01177958661,42691.269412451074,13810.742367135535
GB97OJGB88881747033612,Derek Allen,61,49008.24136220617,36568.077245025896,12440.164117180277
GB13IJFV36443788601424,Lori Davis,61,68466.36996047666,46215.71889856051,22250.65106191615
GB93CQVV66329018828680,Victoria Gates,22,39299.15233673847,36303.89663956366,2995.2556971748127
GB10FUNI11183518791145,Rhonda Howard,56,34744.748290752614,43771.003939021866,-9026.255648269253
GB06KFTW14817211068974,Sarah Jensen,21,43080.919301187554,39707.37186315022,3373.5474380373344
GB76MXLX85767753329576,Holly Rose,23,49544.13983644502,51260.50250772168,-1716.3626712766563
GB98JTCH52979311940004,Douglas Wood,62,52433.394493226915,39486.06276411514,12947.331729111778
GB46BKFH17822298537134,Keith Kelley,49,47587.6394214367,22269.675317931185,25317.964103505517
GB22XDUA24104622585385,Kristina Willis,69,53520.553965142964,52619.215007139916,901.3389580030489
GB04FRAB47231889145450,Lindsay Henry,47,37484.60575809556,30942.67699137381,6541.92876672175
GB18CCCZ80120951084890,Mark Campbell,64,64437.646040732594,33462.336613511805,30975.30942722079
GB11CAMF88414355039823,Sue Miller,52,49178.488216074315,34043.38705956508,15135.101156509234
GB76PSVF18427213329459,David Bailey,57,61172.95831588128,53744.380931708176,7428.577384173106
GB03VTBD47172891548844,Cindy Nichols,69,53427.253463777044,18643.25786021304,34783.995603564006
GB16JLHA70026598286715,Brett Edwards,33,54567.53219153784,71377.48533659994,-16809.953145062107
GB06XYCE77594863658995,Todd Potts,30,55697.672802322035,50560.56809066052,5137.1047116615155
GB06NLHO60491485574496,Andrea Robertson,67,54477.085600173144,42232.3891412916,12244.696458881546
GB63TKKY66714282601044,Melinda Tran,59,56427.22759867544,39451.05999383714,16976.1676048383
GB15OFCK68127495755706,Michael Jordan,47,63291.52530132431,42855.54074857657,20435.984552747745
GB22FRXH75375033478552,Jennifer Campbell,36,51965.2116970147,45211.22428379339,6753.987413221315
GB33RKXD15071235476495,Brittany Wilson,34,57090.03757588512,46452.15585950057,10637.881716384552
GB41IQOS18971186965372,Christopher Johnson,36,49102.64305712773,45556.04466003449,3546.598397093243
GB08VZIJ72671857376522,Allison Walker,45,64401.17215449473,40895.80681255249,23505.36534194224
GB25FLIZ56421016830575,Sandra Mitchell,43,43236.076979407306,38026.61579692674,5209.461182480569
GB35KXET19172239142019,James Wiley,54,68009.40432910816,38487.26716346488,29522.137165643282
GB41UWDP24225394948264,Debra Tucker,43,49598.420493556565,38050.91719647319,11547.503297083378
GB82RNOK17982425626830,Jason Cole,40,35692.248978819516,51337.700968670644,-15645.451989851128
GB31DDIG17446304818575,Anita Brooks,26,51281.0441491079,45935.56722280862,5345.476926299278
GB26VWYL37420301275048,Shane Fisher,29,43189.483425251194,10596.113653357197,32593.369771893995
GB13VLQE64111058494314,Robert Berry,18,58406.43548988724,46559.00776529761,11847.42772458963
GB62UQMZ96962617765892,Tina Norman,18,43473.76020697609,41947.36194718775,1526.3982597883441
GB82RQLL59468538627575,Zachary Chavez,64,45538.165667852205,39812.912435541024,5725.253232311181
GB51MPSZ91029491679545,Felicia Mann,51,31104.59269054469,36114.81546911114,-5010.222778566451
GB69OLRO97731932213612,Allen Jackson,49,45476.936807509235,51241.12719986014,-5764.190392350902
GB37UYXT12954141848356,Sarah Gillespie,65,25761.206733710434,49475.264621228576,-23714.05788751814
GB46YKUC00781088521364,Jennifer Mills,42,34160.97176514276,32271.223321763908,1889.7484433788559
GB43VMHW18452405173538,Stacey Gibson,57,57604.146561442976,44070.52287124535,13533.623690197623
GB91VLDE79996373302760,Ashley Johnson,62,57858.00158650832,30283.43265458714,27574.568931921178
GB73UTWU27617493958297,Miguel Phillips,18,54254.575617849645,26203.8183521107,28050.757265738946
GB56UGSP51057032166739,Jamie Hernandez,33,40330.23856870787,33732.82775410035,6597.410814607523
GB61SFHA70630719897426,Scott Nelson,56,49522.8864385802,48623.93472382759,898.951714752613
GB07HKHA59585594980647,John Butler,22,49963.974609094315,49531.25045376087,432.7241553334461
GB78KICG05098492717801,Lorraine Diaz,39,38416.353108074574,45130.85420097293,-6714.501092898354
GB03OJXB39312765336666,John Nichols,46,65033.983017671504,47250.95786847997,17783.025149191533
GB69WDXA25940545875609,Christina Lee,20,58773.62290575671,45161.78287114958,13611.840034607128
GB15GMZE39441079634248,Jennifer Garza,29,47790.35826170336,33585.184047770475,14205.174213932885
GB51VAAY72759140192669,Justin Cole,43,50268.85838994531,44319.22544673941,5949.632943205899
GB24JDFH26985320033858,Raymond Wilson,33,52083.82807947553,48004.09525227683,4079.732827198699
GB73YVCW02376101640944,Matthew Wallace,68,29582.651315757095,47542.91329813575,-17960.26198237865
GB76WVDP18320906569983,Emma Jackson,54,47528.22617479403,51889.13371474643,-4360.907539952401
GB45ZCBC40380006625414,Stephanie Crawford,39,43180.15752002202,47083.03847201064,-3902.88095198862
GB05JNWM51945929289489,Bradley Roberts,46,39983.79990105084,43514.48207541583,-3530.6821743649853
GB68XMAN81014452920653,Becky Marshall,31,47188.99707114045,50701.502383164276,-3512.5053120238226
GB08AWLU98081458075928,Brandon Molina,45,67976.86526849522,39734.7874075094,28242.077860985824
GB54AJNU80601192040636,Kelly Christian,22,56408.4286126701,31181.253487722817,25227.17512494728
GB15AALX45809716034662,Diana Webster,64,44288.21010217203,38369.33036056236,5918.879741609671
GB82LZFW13137394558210,Abigail Hardin DVM,66,55725.827813561584,32550.97355193551,23174.854261626075
GB56HYNI30479700812202,Amber Miller,47,63993.55436586002,33248.21725025619,30745.337115603834
GB08GMLQ78813281425113,David Edwards,63,59246.336829127686,38554.813292844825,20691.52353628286
GB84VYIN78122727329492,George Mitchell,69,50596.303699201744,32075.800790000387,18520.502909201357
GB93TOQH60194616288472,Roberta Ramos,22,43530.63222294426,36920.3847036096,6610.247519334662
GB95KSMJ84884878943808,Steven Glass,29,56982.2331361359,21063.853330462145,35918.37980567376
GB09JADF93416673519203,Brian Mcgrath,33,53934.853854217494,42132.93707372939,11801.916780488107
GB55ZHQB61288252724399,Patrick Russell,43,58951.932200277326,40012.054753622244,18939.877446655082
GB38WKTN23231424356466,Devin Scott,43,56351.718016819694,31829.113689318092,24522.6043275016
GB64ZLHG74305223850605,Michael Murphy,65,60495.527153193354,46592.456684324054,13903.0704688693
GB31RZVM64730661878477,Christina Brown,38,44647.64788439432,49375.701376265584,-4728.053491871266
GB06QWIV25110197053309,Kaylee Huynh,56,63173.94065634326,23924.40135631026,39249.53930003299
GB79CKDL63868093069928,Anna Collins,53,51975.996046923996,32372.75221433786,19603.243832586137
GB13WXYE54977086487615,Kathleen Atkinson,50,70752.60872625266,32308.57650212702,38444.032224125636
GB05FBRW48236573149218,Ernest Brewer,47,43108.12181910432,30600.968988911354,12507.152830192968
GB35KVTS76581403440915,Meredith Coffey DDS,54,67359.63803165249,48294.74841931748,19064.889612335006
GB48QUVE70669995253785,Gregory Holden,40,51979.10783462648,38061.73861227196,13917.369222354515
GB31ZOWY78191480555755,Antonio Dunn,27,43485.819963855516,37354.85158689389,6130.968376961624
GB76DHPR37913564224947,Jennifer Santana,22,45161.141659456785,19961.376355932465,25199.76530352432
GB61LVPF75449521673911,Kristen Richard,53,46796.5269180568,46354.18030209227,442.34661596453225
GB03LAWH74744393150713,Richard Parrish,51,54241.65946401916,27607.416051465276,26634.243412553886
GB67VSYU40781334761297,Mark Mcclure,69,55228.35488035499,40599.326302663285,14629.028577691708
GB98KAOV37921137953182,Andrew York,48,44262.99996061421,42773.76937958192,1489.2305810322869
GB27RPFX80160851408492,Kim Wiggins,27,49756.45407739017,53606.58595838651,-3850.1318809963414
GB79FFFJ66911703322684,April Rodriguez,36,71422.70358611863,26911.79600880888,44510.90757730975
GB46TWTH22488086091419,Jacob Taylor,49,67275.43170100711,9804.878441791747,57470.55325921536
GB45CNUY28561065262670,Molly Thomas,18,54363.23669674032,41838.495447536945,12524.741249203376
GB92OSJY07464178356572,Jason Lambert,22,50380.034781682,58005.11181510854,-7625.07703342654
GB85XKTR86155274855750,Natalie Dennis,62,51200.31326718261,52389.46352939437,-1189.1502622117623
GB45ODDA17004688610281,David Bailey,21,56135.17972730417,42096.59415274626,14038.58557455791
GB66WVVE37762436087162,Shawn Watts,33,39772.07434801594,35083.63814367953,4688.436204336416
GB25IHLU59417076096807,Diane Crosby,41,47426.23462576655,48071.2259663731,-644.9913406065534
GB19EKHW09117929718803,Jason Stein,33,33314.1592612241,30264.538002955313,3049.6212582687876
GB07FSVP99048419896581,Neil Moore,19,53992.23122605279,44763.57769356219,9228.6535324906
GB84XBBQ25339489039359,Michael Petersen,66,56471.95939702741,45054.701591666264,11417.257805361143
GB77HJYJ18571169137376,Scott Pierce,45,45168.13537700626,50602.0990749888,-5433.963697982537
GB86KJKJ45546645677411,Jessica Mathis,49,65739.86763290032,67596.60038911078,-1856.732756210462
GB64UYEQ85331260121088,David Palmer,44,37742.34336997659,43924.15967178767,-6181.816301811079
GB25IVKN03905807069837,Christopher Johnson,37,35356.2511979018,34910.363742925016,445.8874549767861
GB02CREH32219258004836,Jill Conner,41,52244.51818559972,39744.25687808006,12500.261307519664
GB66WYCD95891592207481,Charles Ross,29,60470.98302612155,22309.24095110882,38161.74207501273
GB97JGJJ01310681633323,Regina Villarreal,67,66839.27691457869,33052.86868910942,33786.40822546927
GB52PLNX44617772220485,Courtney Copeland,52,45411.1573713106,35907.17561886896,9503.981752441636
GB58WWDC87402593013333,April Lam,50,60786.808334312955,34759.11602065407,26027.69231365888
GB45RPOO77937337618409,Michelle Mullen,50,49614.91530499293,41523.54872033722,8091.366584655712
GB69RXWB10295743562222,Julie Rogers,68,48273.7270005918,31775.800676177994,16497.92632441381
GB64KXJO95280611885483,Ana Jones,60,58836.599374866724,51210.30667324471,7626.292701622013
GB93MCIN31860254924829,Daniel Cannon,54,56523.2287841342,40002.07064918197,16521.158134952224
GB05SHDM91297077415351,Mike Bray,29,34236.078430157504,39906.99678861374,-5670.918358456234
GB52KCTZ82534966395240,Tina Fox,20,64765.40349725896,36721.052834870825,28044.350662388133
GB68DTED25620176384419,Krista Bishop,18,63800.91354147452,41551.90683858979,22249.006702884726
GB92VVBV32034137269755,Lisa Osborn,50,43744.37298490471,48250.98264667635,-4506.609661771639
GB65HEUJ86860645980454,Joe Anderson,57,53958.03533437409,31328.697842890997,22629.337491483097
GB98KBQO58968600739341,Nicole Davis,27,54940.301862827386,33418.83510924743,21521.466753579953
GB78NJVA88468769808145,Joshua Smith,60,52606.73765823907,36962.73971223336,15643.997946005715
GB67PCJS56075414244076,Brenda Lopez MD,61,44496.9484615458,26541.29076526785,17955.657696277947
GB12CUJC00736131072402,Derek Weeks,46,43283.766320619485,31807.42140278502,11476.344917834464
GB11YNAO80169321230790,Kyle Hebert,30,49744.45929008555,35237.79126455341,14506.66802553214
GB56SLKV41272450817046,Bobby Duke,29,61727.290192593646,48743.89180712727,12983.398385466375
GB17CISV10387955707535,Patrick Gibson,48,55436.001545944324,42625.61329001925,12810.38825592507
GB96XTZG93876444777105,Kevin Hickman,63,46293.85667913894,41935.89911367545,4357.95756546349
GB84RYHA15285193978396,Stacy Ross,19,57716.987106483444,48508.97962167972,9208.007484803726
GB79AROM01739816416357,Justin Taylor,68,21514.573793699245,38626.282116006034,-17111.70832230679
GB45CGUN50560946841296,Brandon Guerrero,67,61487.65700372103,43904.648499288895,17583.00850443214
GB84CQUG04926514484053,Christina Henry,52,32602.862212219003,38967.78247067504,-6364.920258456037
GB36PQLV83415151672244,George Giles,40,46375.590585968675,42653.62349399628,3721.967091972394
GB77VJAT74758300056329,David Lee,34,38803.30105373856,34172.41342388418,4630.887629854384
GB25WFIT32535996788246,Joel Kane,43,37053.18524279095,15611.828417235709,21441.356825555238
GB81JBQN88833193511352,Antonio Joyce,25,61608.26787378519,38657.20837813696,22951.05949564823
GB36RSTY54925704786623,Lisa Garcia,46,45322.98798688109,54227.4813609994,-8904.493374118312
GB89BNNF86115162032283,Paula Adams,43,53465.038817307155,49262.15402241592,4202.884794891237
GB92TODX23924346070038,Edward Alexander,27,49530.79421120816,49653.9748459117,-123.18063470354537
GB67HLNK92432725716594,Jordan Gregory,43,54770.408272231216,52361.30721806218,2409.101054169034
GB35JYXG46503561545658,Tammy Fisher,51,50768.218910602554,40886.575909614374,9881.64300098818
GB09YYBX48473502149725,Tiffany Evans,68,37170.077758114305,41973.15707405596,-4803.079315941657
GB96KBRX98732989702155,Amy Wagner,58,59962.6681944714,33823.481045656496,26139.187148814905
GB68RUNM84580257811698,Austin Contreras,24,45062.43416838688,36839.271439729506,8223.162728657371
GB90VPKC73741071672880,Paul Cowan,21,34434.18101340249,46157.71149771142,-11723.530484308925
GB83XRKY08010401574213,Desiree Thomas,67,45718.84839034088,52038.84437168816,-6319.9959813472815
GB45VDIC18688440069332,Justin Clark,62,65007.59790634311,38605.53724319,26402.060663153105
GB08GEHG09516356780536,Andrew Chavez,28,58502.21742113493,35498.10735148589,23004.11006964904
GB76EPNO40469286948110,Allison Dalton,46,46513.47865592141,40005.27958856597,6508.199067355439
GB68VOMX79990473378289,Jessica Parks,53,46507.42295681571,46012.06748929115,495.3554675245614
GB38TLOM91474228401223,David Sanchez,42,46783.64948782617,25561.451838664583,21222.19764916159
GB26BSXY64834518242827,Gabriela Baker,38,70767.4798356084,17038.190468627618,53729.28936698079
GB55ZXJW29236987126923,Heather Mcdaniel,53,53819.35452231553,34494.631505084166,19324.723017231365
GB54HMAM51503203743294,Amber Thompson,27,54300.4164719107,27792.875740858413,26507.540731052286
GB32UHJC84909578496516,Alexandra Rodriguez,54,60302.83454031842,34918.598023526894,25384.236516791527
GB91XPST97817761262360,Sheila Turner,26,52387.891590265135,38522.196811825284,13865.69477843985
GB73ZISE08105004363105,Robert Martin,41,47409.578541792966,35467.51590976986,11942.062632023102
GB52KLZJ32788399165662,Eric Sexton,52,48036.50150915022,54524.67534470745,-6488.173835557231
GB82NACD61703697437082,Sarah Jackson,66,49283.98740585936,43267.4476460232,6016.53975983616
GB57KTBZ90710072595546,Ann Evans,52,49627.777634901584,43004.74359610828,6623.034038793303
GB78FSKW36983005146384,Kent Fuentes,65,57276.2954363698,46222.07144043402,11054.223995935783
GB73FHMN53686111923984,Nathan Price,53,50519.458858073,28611.66882219231,21907.790035880687
GB74TEPY26777480670272,Michael Gardner,35,57326.400772155794,50391.11787420269,6935.282897953104
GB73HCND79115222984391,Juan Anderson,66,49192.83419891418,39242.357134645405,9950.477064268773
GB96VAWO41598520562112,Lisa Shepherd,56,50786.3519031609,46704.80617241213,4081.545730748774
GB05CEND77261877457592,Jacqueline Coleman,49,30017.993154678923,29281.427669598444,736.5654850804785
GB82GTVE58634125101665,Mark Olson,41,59163.276747024815,24462.412339839357,34700.86440718546
GB71ZDNP00663398158048,Susan Torres,40,53464.884758979926,48178.896580250286,5285.98817872964
GB58IENX23532678723077,Jacqueline Warren,49,59980.10109859652,43764.09526097517,16216.00583762135
GB74IMPB91367961101253,Natasha Contreras,54,21037.44621806311,30979.484456424896,-9942.038238361787
GB23QKOZ02960993880155,Ruben Cortez,29,70883.74704780728,31303.369187253054,39580.377860554225
GB10UNYA11814890104943,Thomas Hernandez,66,48604.10371844826,51254.34784414769,-2650.244125699428
GB77UVKY32878017721650,Lance Scott,30,61081.82816737516,28105.881071326723,32975.94709604844
GB33MJIC54406422310066,Donna Gomez,40,39600.94072874469,56426.729532559635,-16825.788803814947
GB98IYZD67429462813387,Sandra Shields,42,56127.7390506257,30993.792653521312,25133.946397104388
GB03LRCO39363291028235,Samuel Johnson,52,39465.84436826344,46383.91925608383,-6918.0748878203885
GB95ZIDS70340919690658,Andrew Lucas,58,43762.310393041946,36713.81524251015,7048.495150531795
GB69HQMW04915758422878,Michael Sweeney,47,69140.31353866786,46031.874310823434,23108.43922784443
GB57IVUN58095767005465,Jesus Hayes,34,48093.17599236654,34558.859978858076,13534.316013508462
GB60QXDV55084266581639,Alexander Miller,66,52174.32873179723,38372.07093927706,13802.25779252017
GB31MAIK27822557027969,Alyssa Franklin,37,58700.67730688754,40409.19175395721,18291.48555293033
GB80LVAU82359792680931,Lisa Garcia,65,54956.818879726045,29978.125442185272,24978.693437540773
GB48MSDA77642737156708,Stephanie Hicks,42,51504.189051435766,47408.243454201256,4095.9455972345095
GB49VKZV19010370479468,Amanda Giles,39,53649.61002466225,34867.86433528415,18781.745689378105
GB34ZESZ31791130595231,Robert Cook,30,74034.15585238276,37714.00084659981,36320.155005782944
GB74ACNC63632175727219,Christopher Jenkins,36,49423.81202966414,30056.50625391488,19367.305775749264
GB86TCJW57088401992414,Maria Williams,66,52010.99046714968,14376.663412046895,37634.32705510278
GB39VOCS18048232530891,Danielle Gutierrez,53,60506.54396007612,38089.72237399831,22416.821586077807
GB92QEAY61405243811390,Gabriel Ross,29,61055.259329579836,64126.15421612916,-3070.894886549322
GB79QDGP08663757742930,Michael Foster,58,61870.3030556038,47846.04287898024,14024.26017662356
GB31QRMD63085938674608,Jeffrey Reyes,36,56387.302220291844,39807.396202656055,16579.90601763579
GB33OJAA55175151682312,Paul Gardner,29,38569.95087269517,37371.09170791732,1198.8591647778449
GB74PZRB36627488017678,Ian Stewart,26,66334.31532301096,40224.658928120465,26109.656394890495
GB87PQHX55128966702428,Juan Leonard PhD,24,38536.54606981312,45471.1911517521,-6934.645081938979
GB48BYDE36176919397889,James Smith,45,53026.354652390335,28191.871846911552,24834.482805478783
GB67JBGB30678378393330,James Mann,31,42457.24149980642,51143.21694668872,-8685.975446882301
GB66TGHR31890799234122,Geoffrey Brown,48,49358.616534070075,47153.81315441244,2204.8033796576347
GB29ZMJR53417873277328,Kimberly Daniels,69,53287.62410303481,47181.85725707935,6105.7668459554625
GB65KRYZ40158963009462,Kristin Riley,36,53213.57215450273,44384.75738809727,8828.814766405463
GB51VFVC85946867690415,Ann Gould,64,54219.207542352844,40196.1665769399,14023.040965412947
GB91RLQQ69516719171154,Tammy Navarro,33,66137.11269058647,46728.612359668194,19408.500330918272
GB35YZVF30430505739953,Deborah Hodges,22,54535.3430151398,45918.14133741378,8617.201677726021
GB11SAUA40225657485296,Paul Figueroa,52,47558.433647093516,36459.59289058976,11098.840756503756
GB34ALMX32900452362137,Richard Harper,29,59640.871682883575,34263.98227103099,25376.889411852586
GB66FPNQ48094362020322,Alex Huang,42,61894.70488924641,41018.56295261987,20876.14193662654
GB50UHLP65634094883370,Danielle Barry,69,37723.921848630074,55490.20151495187,-17766.279666321796
GB73BCVT05644185700926,George Thompson,38,55974.00069849858,27608.929243460992,28365.07145503759
GB67ZMTR14374987094192,Ashley Hood,53,57011.72742310898,25324.7473424756,31686.980080633384
GB23GFLW17160497676592,Jacob Murphy,40,47024.36496640008,41647.60841236517,5376.75655403491
GB92MJRB10195109024363,Andrew Rangel,33,63757.0681331162,40508.87701856018,23248.191114556015
GB45BXCK88889239116336,Tony Bright,56,48499.44412967473,41733.416643704084,6766.027485970648
GB02NQWC90681174833159,Alicia Keith,62,51255.764534715425,42439.531979085004,8816.23255563042
GB13VZWD77618606740395,Justin Bright,59,48269.281757161305,37767.97745365195,10501.304303509358
GB79MSOK06677290493056,Andrea Miller,56,50155.790475814676,54898.63438602082,-4742.843910206146
GB92HIMC27007701070407,Patricia Hernandez,31,39037.24913104798,23990.960215234845,15046.288915813137
GB68PICH70389501270004,Christopher Wilson,48,35599.49117405705,31715.02975219754,3884.4614218595125
GB08QDQM00872634614262,Bradley Wheeler,22,65945.05063224972,38967.45239850953,26977.598233740195
GB35XKAQ12670990926298,Debra Cross,52,41530.386516816725,23568.11188845833,17962.274628358395
GB41PGHV40931797266327,Sarah Miller,40,40086.076505436926,38241.45595567929,1844.6205497576375
GB60LRNJ93114371168332,Kristy Brown,46,28466.098863962852,56614.70165728018,-28148.602793317328
GB98BWGU59400972521348,Richard Hunt,60,43610.38252310498,40208.86488295962,3401.5176401453573
GB17ZTHS37940663318351,Jill Hammond,28,36769.10206592501,42307.009057186835,-5537.9069912618215
GB30NDOY37850889518480,Rachel Johnson,35,66420.15160136369,27398.3523482742,39021.799253089484
GB77VKWK68086278883419,Erin Cooper,64,60098.170893426344,33836.38591960522,26261.784973821123
GB86STGF14078839559126,Kathryn Brown,29,43118.49654822276,36248.03619676063,6870.460351462134
GB13EAAT93840466471313,Katelyn Davies,26,72524.3580534431,36822.84903243766,35701.50902100543
GB29JIAA93756860576566,Bradley Flores,27,59817.65486991594,52816.43795003769,7001.21691987825
GB19TCSQ11050290590629,Clifford Smith,61,46751.68616491378,45576.910607251244,1174.775557662535
GB48IRDF76410102931717,Scott Myers,34,25005.942851264273,28885.42043062968,-3879.477579365408
GB60NBJV33097933095255,Dana Pierce,55,72909.42572590741,42465.04778432005,30444.377941587358
GB90QJVV17658259069393,James Brown,24,36104.27533236404,44982.21748496785,-8877.942152603806
GB60TVKB64443311063953,Carolyn Shaw,63,33546.01253043108,51401.490385212666,-17855.477854781588
GB26SVUZ32962642055223,Jay Moore,30,60225.7043200964,55805.40686568373,4420.29745441267
GB82PQGG80783204008246,Steven Harris,57,74397.52406339273,29849.058081721312,44548.46598167142
GB35BOQF89115806952171,Crystal Moore,59,63842.72818510518,31891.424887896617,31951.303297208564
GB43FEUN07046689223194,Kiara Sandoval,26,55639.091200523595,27424.221410853836,28214.86978966976
GB76TSDK81056515588766,Christopher Nguyen,67,55947.54341665286,37659.80140893019,18287.74200772267
GB78KLIU11693447087848,Patrick Lewis,44,58534.15558780308,44663.58374446334,13870.571843339734
GB13GCPB77211110270690,Aaron Barrett,19,57589.28589786765,49873.34516589102,7715.940731976632
GB48WOAJ81548683424337,Brenda Gray,22,52811.91423969376,39240.48976357477,13571.424476118991
GB05DIWS39290844452571,Julie Scott,46,51042.01103951876,36801.52476745156,14240.486272067195
GB73RAGR87355585067532,Margaret Harris,54,49374.068721004776,41517.579922487406,7856.48879851737
GB46HODL30546297477986,Brian Stevens,55,42460.35411133324,31648.57098369977,10811.78312763347
GB57RESF51461055898445,Janet Potts,36,47193.24923133226,60895.38721694773,-13702.137985615474
GB96PYGR79537047206174,Jenna Salas,25,33070.43185804615,23923.389728819413,9147.042129226735
GB29AXVX47181312044794,Suzanne Ibarra,65,49016.6037320525,41847.40578895724,7169.197943095256
GB56XINN51360846973043,Melanie Zimmerman,62,40114.088928490826,60236.06219229639,-20121.973263805565
GB02FVPP94238705760042,Steve Torres,18,38964.10682784229,40067.99844559998,-1103.8916177576903
GB45LWZW61826930646227,Terry James,39,51798.94151153479,38099.609649985054,13699.331861549734
GB48NBVF01669773007066,Susan Nelson,69,63920.02286344599,36425.545771895726,27494.477091550267
GB09XRRW43370486619557,Alex Morris,34,59183.16606002313,38196.08318237592,20987.08287764721
GB21IBWX99776961899267,Erica Murray,24,34294.993963768226,53728.4847467653,-19433.490782997076
GB32EHPQ18469736092882,William Mason,42,40103.71863429662,17881.38088670493,22222.337747591693
GB51EOFR49583727719547,Toni Ortiz,62,59407.71187988216,55334.33701296325,4073.374866918908
GB42DRXR25123454240538,Sharon Esparza,21,40175.1260646169,25760.42847549855,14414.697589118354
GB58BOKD46960292304474,Cheryl Stone,53,47753.66850002975,37333.47670765585,10420.191792373902
GB14YXSI85707441089605,Kimberly Perez,23,55500.52099024552,35707.55579701338,19792.965193232136
GB20USMZ50165209788551,Ashley Reeves MD,48,40316.555451363645,45885.532697707196,-5568.977246343551
GB44CNBA69298072221401,Stephanie Thomas,36,51053.7550614596,24018.756481162523,27034.998580297073
GB79WCCP25361559966240,Kyle Koch,61,36659.74505081795,44621.726660819426,-7961.981610001472
GB62JALR45798918417852,Albert Jimenez,56,43986.323560487865,60243.09623286853,-16256.772672380663
GB60WWNH57269178459543,Natalie Riley,44,53197.81934142537,26368.259954071895,26829.559387353474
GB19CXKH88533066910721,Emily Mccoy,27,34070.062664683304,41897.06167610396,-7826.999011420652
GB50JBIC41447351092935,Samuel Jones,43,54404.74737960399,33380.17822203391,21024.569157570084
GB31VAVO20638079802503,Justin Vargas,36,49803.62201073319,44258.87206193036,5544.749948802833
GB49NJUL78416533939394,Julie Jackson,56,55524.89954417148,40191.47777415752,15333.421770013956
GB14MYCH53537410384931,Ricky Francis,20,52239.141340646616,33585.1309095569,18654.010431089715
GB20FZMN05481603229364,Steven Edwards,62,63641.40429973844,44878.72284871074,18762.681451027696
GB66LQAY27588729672649,Alexis Adams,30,51252.245026479075,58043.48109786743,-6791.236071388354
GB44NTFL07926336366416,Victoria Norman,67,45705.94458874747,38090.96208272701,7614.98250602046
GB03PWME94581203304220,Amanda Lane,45,51222.975030322836,47197.579421481816,4025.3956088410196
GB43UMDA63048402222579,Amy Bennett,37,55432.980290363885,27067.270421288362,28365.709869075523
GB79XFMJ42054137874836,Anne Stevens,45,50488.60070325704,30435.636231819914,20052.964471437128
GB42RYRG17268605882693,Casey Morris,25,50405.916912038825,44724.062778803775,5681.8541332350505
GB89UYOZ32803059414986,Keith Delgado,58,42980.08312193245,54841.16028535965,-11861.077163427202
GB14SRON01454762512183,Lauren Martin,56,43370.99082449052,43556.1334878566,-185.14266336608125
GB14JPPF54172747579990,Benjamin Mason,18,35973.947282003064,36869.419694768454,-895.4724127653899
GB76ZHNR78010141795292,Christina Mendoza,20,67495.76743186939,39992.914054233544,27502.853377635845
GB33OLWB92745736374905,Kevin Reyes,30,37561.36764608715,27495.922660302826,10065.444985784325
GB25DGJN35033951664858,Dr. Jason Long PhD,45,43070.948022040924,46045.153263553664,-2974.20524151274
GB22VWPV80831157148258,Michael Richardson,66,42815.927344308024,48823.33062323409,-6007.403278926067
GB73BTFY99620649332297,Paula Farley,42,58949.243769444416,35479.0966716692,23470.147097775218
GB91UGUX52548336349644,Tony Smith,50,47050.50321707972,35299.57852240498,11750.924694674737
GB04BMGP10885203173182,Zachary Knapp,55,62477.420726737335,42658.78229652048,19818.63843021685
GB82VMXG32859626858541,Vincent Young,23,43265.09375756131,35632.80263959405,7632.2911179672665
GB40SRKR32338628280501,Rachel Singleton,61,52789.94162223802,39338.67385374178,13451.26776849624
GB16DPKY56913795516536,Carrie Moore,62,41646.529467402426,60997.217891665154,-19350.688424262727
GB52EYYV14432953096649,Bryan Mckinney,49,71451.49127773388,37529.742992540036,33921.74828519384
GB24AIRD08027076330551,Chase Harris MD,62,38124.01580970487,36416.598479787775,1707.4173299170943
GB03YNCZ68729495403223,Joel Hill,64,53098.20710227027,33524.58194364841,19573.625158621864
GB44WIHS08267420221043,Jason English,38,56337.76880932099,47441.91971499937,8895.849094321617
GB59PWVR04165346538490,Alyssa Thomas,33,54137.990974514985,38187.75826781897,15950.232706696013
GB82VQEF55810951802366,Samantha Bennett,38,48147.123411222914,33506.26961678574,14640.853794437171
GB92VKBA08689983976096,Alex Carter,28,48701.79300266574,53213.04032273012,-4511.24732006438
GB75GCSS29103349479663,Cory Smith,54,50438.1147197911,54196.03004513637,-3757.915325345275
GB97XPMW06927323924613,David Kelley,53,48529.979983715115,33995.76434261295,14534.215641102164
GB34LMRE86499435773169,Devin Myers,52,59638.79116794909,21334.600486393836,38304.19068155526
GB25DIZP52895233406818,Andrew Simpson,36,72105.23001591352,50075.13689836922,22030.093117544297
GB11TGRT21214190839144,Courtney Johnson,37,44425.08214992166,33153.70174239996,11271.380407521705
GB18MYVQ55629772886824,Amanda Hall,35,36301.97020420922,47906.25599162769,-11604.28578741847
GB42LDNQ15784267387229,Steven Edwards,64,49117.17951648745,20298.961822881643,28818.217693605806
GB53WGIQ81645220151219,Sandra King,58,75797.09337654318,48925.97338299309,26871.11999355009
GB03JPGL70044767988512,Jessica Butler,66,41963.254320302694,27888.28070719219,14074.973613110506
GB29OXGP10946409545736,Jason Murphy,31,66391.16805444067,47307.64119066524,19083.526863775427
GB14LNZZ17392300831452,Sarah Lambert,32,66777.0081407644,40142.73067836434,26634.27746240006
GB14ZUVI10131966443898,Dawn Carlson,48,44464.11758292005,30460.60580603355,14003.511776886502
GB92ZVHJ48232874352682,John Davis,18,55689.83079185276,35929.636870732196,19760.19392112056
GB39QZAG67029271315459,Terri Wood MD,20,66283.96623128538,46863.184569567005,19420.78166171837
GB83QIYP67024676912513,Melanie Rubio,33,46208.72259012513,41058.944531152345,5149.7780589727845
GB08PQYW76995461005792,John Nixon,40,47964.19639897638,45844.12980472484,2120.0665942515407
GB44JWHL66180753981200,Michael Smith,28,44183.19086051356,59764.405845154855,-15581.214984641294
GB41NVIM02688894377856,Shawn Jackson,29,39852.43269307133,24357.583882889485,15494.848810181844
GB61VSON81905237731007,Jordan Taylor,27,43507.22454933993,56172.12574968624,-12664.901200346307
GB69NYYA76555464999970,Melissa Walker,49,37760.59733237744,41043.55937523213,-3282.9620428546914
GB75GJNX59639072584598,Jesus Hampton,33,50340.83468259226,31012.15951676872,19328.675165823544
GB65JLCM36883394388028,Ryan Turner,25,42300.26768941359,26696.8637426101,15603.403946803486
GB84TJAB89183283601332,Allison Fisher,55,52337.85911790748,38108.79609222966,14229.063025677817
GB69OKEJ32814451308115,Cindy Roth,29,34441.04353796373,49216.501119244596,-14775.457581280869
GB25GYXT63079298304717,Tiffany Medina,41,53308.80232214457,38724.508796224654,14584.293525919915
GB53ZZIW47916942826494,Karen Rodgers,45,58335.28961608925,55111.549302473475,3223.7403136157736
GB30FEPO43558607884430,Anna Doyle,25,30062.643574285445,25488.24309948441,4574.400474801034
GB60LCVN55407475921479,Benjamin Williamson,45,53740.56569847572,39879.11052153946,13861.455176936266
GB19QYKN54973161213788,Barbara Barajas,53,62276.68992473292,27476.06555586881,34800.62436886411
GB75JJCA52719452297006,Jessica Barron,43,37903.58981308794,43636.31882624968,-5732.729013161734
GB74FYLK69477531470082,Jaclyn Dawson,25,66725.72386837703,48868.873900973005,17856.84996740402
GB84NXNV34945685909287,Stanley Perez,67,54190.19009366045,35792.38206318947,18397.80803047098
GB93PBDU18108561292958,Gail Kramer,45,42949.88144241591,13957.861433728658,28992.020008687257
GB96TFGE39357461969564,Joanne Powell,45,49442.30922342294,41989.48146796494,7452.827755457998
GB93WPGH86861366681963,Benjamin Davis,54,55583.26912521722,44367.38551733509,11215.883607882133
GB37AYVH91197265488485,William Meadows,58,50760.05391412412,44042.947549616976,6717.106364507141
GB72IGES95612308001580,Paige Williams,53,55387.55992446369,52357.82191822154,3029.7380062421507
GB86VBDT25652538844252,Michelle Nelson,44,40793.264069206336,29289.463203509513,11503.800865696823
GB34GDGS87504410796943,Christine Kidd,34,51693.60824036078,46802.1610545045,4891.447185856283
GB82TTWT17733919989681,Elizabeth Anderson,26,35862.855030950195,51925.07512477975,-16062.220093829557
GB66LJFX04813497016283,Jessica Horn,50,48887.739386513,22214.124159934832,26673.615226578167
GB70QDRX29572347393096,Ashley Martinez,37,40960.9235853521,43196.518259189776,-2235.5946738376733
GB16VEDV86348313211316,Ashley Mays,30,42644.70057410233,34958.201689923284,7686.498884179047
GB71ELSA97963860023675,Natalie Lee,45,62360.93175210437,39184.77326898354,23176.15848312083
GB56RMPM20100355949656,Collin Stephens,65,60913.10120594269,43476.764835383365,17436.336370559322
GB92SHLZ32690106559224,Mary Robinson,46,56091.38120907177,35127.714358864476,20963.666850207293
GB63VPRR47268829242447,Scott Lucas,30,39076.87235327421,33242.91920838388,5833.953144890329
GB34ATUI93290821894221,Daniel Mullen,63,46835.91550305198,40341.524174880244,6494.39132817174
GB13LSHG30610717494503,Robert Brown,52,62130.976999791834,29127.540611371976,33003.436388419854
GB80WQXF88745506129682,Jeffrey Graves,23,51417.16913639905,29141.748711148146,22275.4204252509
GB51YAWN12345586836612,Lauren Boyd,35,73193.29539981694,46793.73282956504,26399.562570251903
GB83IXKK17683531109070,Joshua Ramirez,68,53933.178393943715,28512.05964841344,25421.118745530275
GB74LXID00283329369196,Benjamin Austin,22,51920.49116490032,46663.12500909212,5257.366155808202
GB14NPFS53036065414731,Zachary Reyes,64,46908.83535797499,44625.91292853951,2282.922429435479
GB23HNZR00736925596608,Cole Gonzales,42,51335.40904782282,22741.932712094032,28593.476335728785
GB14FDQC61346297590144,Brittany Fletcher,19,48475.30163619456,33224.353476643446,15250.948159551117
GB30YXOW58874614018714,Joanna Carter,27,57081.08676688591,51941.09403047372,5139.992736412183
GB62KNUA34720009058068,Joanne Simon,47,59567.02316794584,30188.344688603185,29378.678479342652
GB80GCEO72045090231776,Robert Lutz,67,42140.1053949205,35355.957376906124,6784.148018014377
GB21FWVR33417056703295,Edgar Buchanan,62,36687.67046442222,44620.60893251897,-7932.938468096749
GB12EZAD43601489309239,Erin Nelson,22,31637.946268967033,47833.90509282595,-16195.95882385892
GB90SPRH26574010706810,Kimberly Martin,50,55079.913269125434,37484.61113955504,17595.302129570395
GB84VJWL86976502415441,Kimberly Buck,18,38966.33393826126,34024.89805308358,4941.435885177678
GB63QPKT32308735202776,Jane Miller,35,28471.09407047517,54223.69861698508,-25752.60454650991
GB13PWVJ85594395058160,Diana Holland,49,53885.786045309644,57388.99663797579,-3503.210592666146
GB58KPUI53382840526084,Stephanie Pittman,64,74929.99517432791,49788.580507817955,25141.414666509954
GB96IMAW15099639967247,Debra Gilbert,66,49939.29088460107,40853.18142565024,9086.109458950828
GB53OART58613654852277,David Russell,28,58384.90774451642,31917.342783590735,26467.564960925687
GB93JPEK74604536023563,Michael Smith,38,50818.29358547565,31695.55593443435,19122.7376510413
GB37BXME68222562791026,Emily Carey,43,49011.10346808857,45225.14105265758,3785.962415430993
GB03ZAUY99596656285663,Cassandra Cox,42,59190.764829877684,44183.98220888684,15006.782620990845
GB72LBZT44212633175733,Trevor Obrien,39,47097.254558113484,54015.985929464296,-6918.731371350812
GB81OUXA78657771278590,Christian Miller,44,52673.92314071903,46504.50092536139,6169.422215357641
GB69ICRE78631937365775,Morgan Mullins,66,53216.97806196014,24969.196982401816,28247.78107955832
GB78UMTP24217165617361,Elizabeth White,30,43319.09546356951,50519.47617722918,-7200.380713659673
GB85QDCM38375926808650,Krystal Simpson,50,59920.42349536523,30019.39372685587,29901.029768509357
GB16VYFW05053785714028,Chris Cain,51,48250.402433045914,36160.287280476485,12090.11515256943
GB72KBII25563911572658,Jonathan Santos,58,42442.54840507155,42502.00206251694,-59.45365744538867
GB57AJPH32835123698800,Carolyn Hopkins,52,55365.098435704036,59956.67489783964,-4591.576462135607
GB15UTEB99282481160598,Daryl Moses,18,41015.32018208963,71099.18556005361,-30083.86537796398
GB75ICAH79548350930226,Christine Floyd,38,50281.81157369128,46067.230591361826,4214.580982329455
GB60HDHV04683119479092,Samantha Richard,65,49908.810033557966,38168.03381279612,11740.776220761843
GB68EYQD68976970635361,Jessica Martin DVM,23,60858.95565831578,45345.0564848055,15513.899173510283
GB83DMFH23321183704975,Susan Christensen,45,54746.98232879953,48876.55425873836,5870.428070061171
GB49KBUR92570707328846,Joseph Gardner,34,49749.73041254856,36793.32374442808,12956.406668120479
GB40NQSR90191587066869,Charles Marquez,22,58177.66299200287,57952.11355912322,225.54943287964852
GB26KACC48582644128919,Kevin Adams,48,63902.075490173134,42300.70759191402,21601.367898259115
GB06PIGC42138374869022,Nicholas Thompson,22,55578.103063518625,44977.43089091394,10600.672172604682
GB78QWFZ39278830808267,Christopher Smith,55,50103.52619843381,46659.24252054461,3444.283677889194
GB48MXOJ11897194226281,Sarah Montoya,20,36881.6376764984,44215.86610614456,-7334.2284296461585
GB73YKAR00327232540631,Robert Smith,40,39348.863369246275,48389.40500469613,-9040.541635449852
GB83YQKF06059366831277,Thomas Barr,54,46947.752956453325,33827.46813453077,13120.284821922556
GB95XTKD04684896980783,Jill Kent,54,43904.87797840717,34416.98246053969,9487.895517867473
GB28MMSM23418023099591,Paula Howard,27,48130.28697014554,28998.457670283053,19131.82929986249
GB64XJDZ63749451279672,Laura Woods,27,50566.49924897107,44395.01230620226,6171.48694276881
GB59IDWG73930249728257,Kathleen Diaz,36,55296.927543567304,47789.36503512114,7507.562508446164
GB03CEYQ37005277096519,Kyle Ali,34,49295.01221940909,44577.72866151886,4717.28355789023
GB54GVPP98223279229391,Rhonda Williams,38,54865.01643826202,56744.92433347537,-1879.9078952133495
GB67TFMS76375512639116,Sandy Johnson,31,50644.7441481012,39944.03981170953,10700.704336391667
GB50YAKL97259830535365,Travis Ball,26,30245.33433646129,46687.41655592513,-16442.08221946384
GB22SNNB03737840222584,Trevor Boyd,63,40606.646061812455,29082.991238606857,11523.654823205597
GB89XXLO98153813131312,Christine Mckay,18,48559.12444278385,36129.00297525599,12430.121467527853
GB61QDDF33705152977817,Elizabeth Howard,68,37903.05257158892,46955.377575657774,-9052.32500406885
GB19XFXL54309264662415,Donald Cole,62,55999.287299962045,48491.02110743144,7508.266192530602
GB42UBPA33361185487657,Thomas Day,30,65307.508323436974,37060.33052335818,28247.177800078796
GB44XOVW84207350285931,Cameron Lee,21,62187.61851697317,39284.00748141933,22903.61103555384
GB62DIHA51518237221973,Mario Fischer,18,47865.57129069792,24821.262533191904,23044.308757506013
GB29UEUQ56902363934991,Kristen Butler,66,64907.26136849952,36429.70799193391,28477.553376565615
GB81MUYK56699281134585,Daniel Taylor,57,51486.67457202112,48903.831635197865,2582.8429368232537
GB24MFAU49804613812383,John Simmons,49,46629.1402888196,45752.050161065665,877.0901277539378
GB70CRQO72760082337704,Haley Erickson,51,43865.9733645906,45006.6572138121,-1140.6838492214956
GB03FVJT24885170488702,Jason Holmes,45,46975.30313511872,40497.736871809604,6477.566263309112
GB52VIDJ92265593396418,Sarah Carter,48,46118.231814587714,40070.631586281765,6047.60022830595
GB67RIZH13481957972787,Lee Baker,25,51704.16222375488,33396.78860526553,18307.37361848935
GB63GJNU53918822745366,Kevin Garza,56,51605.73981049864,46988.284202025345,4617.455608473298
GB64GYFL57484973402676,Krista Romero,43,50030.460201534144,44209.7294438939,5820.730757640245
GB21QYBF94647175076582,Alan Quinn,51,54369.3816974635,44920.188479927994,9449.193217535503
GB25LVDG92213798473670,Jack Galloway Jr.,20,61906.462747863414,34739.6515733242,27166.811174539216
GB51WQVN82766795926011,Michelle Bradford,67,59495.54135441324,18466.570801287555,41028.970553125684
GB11BRSX01102959854775,Ronald Ross,29,35151.020315500966,50971.527117536956,-15820.50680203599
GB34GRBI03185950416084,Steven Thompson,18,24460.788650980452,35211.62543991596,-10750.836788935507
GB50TFBN10663969360220,Nathan Nelson,61,59343.19911239274,31372.242359568794,27970.956752823942
GB57DAGP87978610631031,Katelyn Hernandez,22,36331.21301584579,46934.78911913994,-10603.576103294152
GB40WDFQ64763615825130,Tina Smith,47,47752.345981073166,36079.87360080871,11672.472380264458
GB86FXSZ80629961255846,Rachel Brock,47,38298.86973940641,50599.36384046622,-12300.494101059812
GB73NIOF20426705190175,Anne Jacobs,34,31980.1956241998,46170.059495766975,-14189.863871567173
GB61MGIB10214223298375,Sean Davis,65,55414.62728204788,46835.69323200478,8578.934050043099
GB39QLNF18631784831357,Ashley Lewis,64,57591.55160302647,26340.442887994657,31251.108715031813
GB80LNEX72396939095867,Michael Wagner,40,44234.8959927328,52119.439853864,-7884.543861131198
GB66OOJO47881913775184,Stephen Anderson,32,24089.5770785509,42612.50531233856,-18522.928233787658
GB82KGHG35852913113099,Jeremy Juarez,54,44537.55551747517,36307.22860753797,8230.326909937205
GB34VOPY48012522002219,Megan Cooper,38,53918.04005402546,41433.88467342251,12484.155380602955
GB67OKAG91443572354725,Michael Rogers,31,35210.88431225871,22237.6476710168,12973.236641241914
GB32BDJK41952128574305,Michael Zhang,19,51833.599197791555,44086.52811480671,7747.071082984847
GB54AZLL11499982523011,Kelly Bryant,28,49846.90150827004,29706.284918179284,20140.616590090758
GB43ZOXB70061299227485,Rita Perez,68,55792.914996010884,26473.297141564657,29319.617854446227
GB48TCZH09566335225104,Jonathan Rice,56,51195.80368414153,24776.40813782109,26419.39554632044
GB38ACHE14829103817300,Thomas Wall,55,40269.31059118445,51126.88374989925,-10857.573158714804
GB04MDKH89694645915910,Matthew Diaz,51,61965.715016644914,33707.36606307211,28258.3489535728
GB37OXVW56251798801886,Cynthia Nelson,55,48414.7042697303,55337.27709916499,-6922.572829434692
GB66WNHW35477039014110,Judy Watkins,67,49726.95460490068,34641.98536947702,15084.969235423661
GB41KDUS40198826337690,Anthony Murphy,51,40667.32040926804,22926.420424070533,17740.899985197506
GB02RVAR79648099328893,Rita Glenn,35,45567.1774880849,28834.75560051341,16732.421887571487
GB07NHKD40038336727964,Melissa Chen,47,41151.97285973099,52358.11620006939,-11206.1433403384
GB07BSGV08819609234468,Hunter Simon,32,48270.53940076577,38441.01822063333,9829.52118013244
GB60EKOE94347155926554,James Gardner,44,67117.08480142344,34517.12703509399,32599.957766329448
GB22UIVR33284876577170,Austin Stein,68,36280.98857068644,41600.18225852788,-5319.193687841442
GB03JYIT02473259704707,Kyle Rogers,51,33864.38602123259,45017.82736167545,-11153.441340442863
GB26LWPX07694379400996,Robert Vaughn,69,64711.70327493609,51173.98815902461,13537.71511591148
GB64LBNV51704543263135,Troy Morgan,55,47906.76322848134,54484.99229892926,-6578.229070447924
GB73TFOO81408660109734,Erica Hendricks,50,43309.27261340083,36402.31354210914,6906.959071291691
GB79REOI10973043351253,Bryan Mcbride,41,60399.04687396077,26739.523139179615,33659.52373478115
GB77PJYT22273356262104,Danielle Clark,32,43943.84460263136,35865.34838876724,8078.49621386412
GB67EPAO77227684030776,Heather Pittman,47,68260.09713546936,42602.80506582886,25657.292069640498
GB73GALH46199435542261,Donald Ellis,59,56779.25871339269,30362.41073789389,26416.847975498804
GB37FTXW68423596886171,Maria Thomas,68,45120.885918542976,30428.49085104957,14692.395067493406
GB64LMAY86327162993325,Stephen Thomas,34,71573.08213265504,43437.87881549886,28135.203317156178
GB64OQNN90029899197345,Taylor Flores,22,43942.850769966615,39513.47648429549,4429.374285671125
GB65DYVK11000227870934,Katherine Morgan,46,57420.95372009307,40327.96995411586,17092.98376597721
GB49ETIP49086654366514,Jeremy Lamb,21,52992.92580406492,32415.046652999306,20577.879151065616
GB91TDVL46755815972930,Luis Little,27,63017.41289398798,37695.99285794233,25321.420036045653
GB98WONT56086982834991,Kyle Garcia,34,65615.11196726853,30757.668557316956,34857.44340995158
GB50KSSQ85902084897236,Jo Smith,27,50320.04149065767,48901.98411124787,1418.0573794098018
GB79AUED60928855335075,Carrie Huff,34,42465.82129653817,50352.49334723753,-7886.672050699359
GB79GILG84224520914846,John Kelley,37,54599.72142939117,21538.121377619063,33061.600051772104
GB25FBTR66544685153033,Valerie Lozano,41,43222.84630247894,30704.8913980759,12517.95490440304
GB73IADC13038232775574,Morgan Soto,22,70133.87247526622,25034.70744909921,45099.165026167015
GB21KMEE67661575524220,Miss Martha Salas DDS,51,51365.35331082738,33499.760655931015,17865.59265489636
GB97JOGW47587245334275,Frederick Curtis,23,46346.78448687891,39165.620302096395,7181.164184782516
GB63PBMX49173786955738,Christy Friedman,19,51846.803058649086,25503.5478030147,26343.255255634387
GB63QJTU11918035932513,Bradley Vincent MD,30,36528.73710470303,30781.40186874687,5747.335235956161
GB19ECUO53004981914244,Samantha Bell,60,40283.85961489348,29960.426279185016,10323.433335708465
GB21GPYY01236344252604,Nicholas Williams,60,62004.139079444256,42072.67329398944,19931.465785454813
GB31RHFV03251316639682,Anthony Henderson,65,43431.057210286046,40693.4433703625,2737.6138399235424
GB07DUXA04963341487391,Jacob Hill,28,39530.8901731806,32782.624466627465,6748.265706553138
GB95EPEK76983895658000,Mark Holt,68,55366.52752527286,41768.20872139398,13598.31880387888
GB96EYBJ65416721211205,Lindsay Levy,64,61857.04154662997,34533.199154127346,27323.84239250262
GB58QGQY84060229893376,Mary Garcia,40,57189.53310665067,37283.448896739465,19906.084209911205
GB93CIKD44873430468052,Gail Dunn,33,59960.476858058166,56734.52090298537,3225.9559550727936
GB57ZZRM16704121130498,Anna King,48,42432.049114305395,53404.61051790348,-10972.561403598083
GB47IZTX14124360695248,Joseph Chambers,28,35781.89333258156,27004.187630724024,8777.705701857536
GB18JBYB30706446464222,Craig Garcia,33,65013.33651955487,48297.32417879174,16716.012340763125
GB39VBLK59924552312184,Joseph Bowers,25,46773.20161157864,48113.96554491592,-1340.763933337279
GB58MBJQ71314093596068,Leslie Franklin,21,47491.669835449524,28517.367112473818,18974.302722975706
GB58AUZR98972639931037,Amy Davenport,57,63281.941418490576,48187.77643754861,15094.164980941969
GB49BZZN14661999716824,Mr. William Bridges,21,55562.3000940066,55379.319184125525,182.98090988107288
GB70GQBW78816202424810,Diane Walters,42,54558.877720816075,28774.55193755586,25784.325783260214
GB97MZGW14644986295031,Paul Brown,20,71650.02344901084,30824.971789857365,40825.051659153476
GB16BEOQ55224952449386,Christina Gutierrez,49,43564.81769619857,50176.614668435024,-6611.796972236458
GB02GBMD70901693821772,Melissa Flynn,20,59278.40128081237,42714.95310825648,16563.448172555894
GB49IWUW90859131702739,Marcus Vasquez,44,50570.13124897084,45514.76275239523,5055.368496575611
GB63GZZS43647944571147,Erika Murray,46,52685.922788632575,43405.89216400497,9280.030624627609
GB24FEHC22134447380589,Jessica Cortez,49,65284.68426412532,43906.95920928144,21377.725054843875
GB24GYLU80066732570235,Marcus Adams,67,55078.357562896235,26735.27871688917,28343.078846007065
GB18MWFW46582383343932,Jeffrey Campbell,68,55382.96079049633,50473.177066214485,4909.783724281842
GB44HECF34034805790371,Brian Mathis,36,60725.07337309802,51695.899924277735,9029.173448820286
GB64ZCAS43022559203598,Sarah Chapman,38,46350.47270457115,37706.092559319724,8644.380145251424
GB26IDPU28235939375923,Anthony Alvarez,22,41607.903326609936,39565.23050186138,2042.672824748559
GB31KMJS62879252930589,Shannon Christensen,35,39551.90805978966,24688.924974442773,14862.983085346888
GB49VXMO22820992507560,Allison Garcia,45,30336.434106239984,45142.54756017835,-14806.113453938364
GB44XVDQ99196987621374,Brittany Hensley,59,70562.07129940322,45720.57441714144,24841.49688226178
GB10EBND62370080142312,Kristen Carter,39,38967.916342783166,39378.08983000689,-410.17348722372117
GB91NRCN71054779118609,Samantha Malone,38,47787.46376414228,51243.53359870503,-3456.069834562746
GB35WEME43997471916405,Troy Bush,23,47231.86700111079,36659.2276902006,10572.639310910192
GB88VWND97761820278829,Lindsay Ruiz,18,53074.06697809101,45646.059258936,7428.007719155008
GB25MNHD33303966054414,Francisco Simon,22,58157.37212539297,29803.356613078846,28354.015512314123
GB39STJI73763471299950,Mandy Werner,58,58604.734883597455,39764.47849125762,18840.256392339834
GB11YTVW83588688040392,Sharon Rivera,29,44169.22561431061,38256.457420971645,5912.768193338969
GB75WZKQ18020094382159,Brandon Weeks,43,48328.782862135886,42253.07922040941,6075.703641726475
GB45BMYH28326805338892,Theresa Zamora,63,52825.799504883,36304.730711666416,16521.068793216582
GB24OAGY05952947143073,Robert Cole,51,47513.08873816453,38685.27404328332,8827.814694881206
GB02LNAY23490361008051,Lisa White,66,66073.45576019993,48260.47171441506,17812.984045784862
GB67WLOW07936141884038,Aaron Sims,31,54909.749516382515,35632.35762761783,19277.391888764687
GB25HQLD37761784435674,Ruben Dennis,43,57348.77786049817,23934.228992613207,33414.548867884965
GB64WRDQ00039605194584,Samuel Gates,62,56628.81268667413,57495.839042054205,-867.026355380076
GB19PFTL51522567726835,Vincent Mendoza,44,61734.73857485325,53814.540786904865,7920.197787948382
GB90XRPA89035357620225,Karl Smith,26,51810.21558703707,27077.373048943813,24732.842538093257
GB43OAMN30087775656672,Mr. Justin Anderson,43,37031.680520441536,46897.07805245194,-9865.397532010407
GB48WJCN61553348297551,Karen Obrien,64,53996.87951752642,34970.25229448657,19026.627223039846
GB64QDKM93022506432103,Jacob Espinoza,39,43486.43106208171,42634.87215331059,851.5589087711196
GB50FSOJ52280829758216,Patricia Davidson,64,44713.83318250243,42942.24129013494,1771.5918923674908
GB14SYFE41094554868048,James Robinson,47,55863.64018755093,37655.92199683678,18207.71819071415
GB15WCIA68339361828005,Leslie Hodge,60,62382.830714336356,32162.343344136036,30220.48737020032
GB82WADM21796146668530,Christine Bryan,65,50212.71576736062,33094.589476837406,17118.126290523214
GB50AXLI22337484610209,Nathan Young,34,53088.33012598964,30838.080845187575,22250.249280802065
GB91TXAK34882943003188,Vincent Ryan,43,67022.14944635238,31681.777917695552,35340.37152865683
GB92FOTC61626318245845,Joan Reese,53,52407.53179488568,39328.217099506444,13079.314695379238
GB50VTEM26925069800572,Erin Rogers,18,76016.83114180395,32842.400108892485,43174.43103291147
GB93JSHJ98185048387139,Logan Cooper,25,55655.09645631544,46820.5206571262,8834.575799189239
GB96ZCHQ87547661477389,Isaac Johnson,66,32392.372408441825,54872.46155335927,-22480.08914491745
GB11MHVU83667828571125,Noah Ferguson,52,57533.416211045325,34199.46758629957,23333.948624745753
GB89FWGC28296087870865,Dave Miller,69,53811.58384882778,42394.04500535377,11417.538843474009
GB73NNJT89338498408508,Kayla Humphrey,32,62897.52754082746,44996.85110302934,17900.676437798124
GB61PKOI24930073409632,Jeffrey Doyle,64,56731.813512699584,44720.022709192745,12011.79080350684
GB11JLDG13596218769151,Gerald Anderson,39,48615.44016016226,40759.55267916087,7855.887481001388
GB93RWGK33043485515765,Jodi Gates,31,37757.01763710634,47426.82418359722,-9669.80654649088
GB65TBDU19172196412931,Austin Newton,43,47909.76742713975,44822.489526806574,3087.2779003331743
GB77VUWQ45816273733837,Brandon Pace,45,41494.795457907,27623.37577672702,13871.419681179977
GB76SSOU18929659831426,Jennifer Taylor,40,44194.765501952774,48691.560643892735,-4496.7951419399615
GB94SBOQ75549891602475,Kenneth Kerr,31,55885.7840442061,48872.90837266742,7012.875671538677
GB23APBC96571278297306,Kimberly Mccarthy,41,66699.04504351407,32367.138958214186,34331.90608529988
GB20EVZW32196134443028,Jonathan Stevens,19,53946.715298229814,40379.37835447602,13567.336943753791
GB80OWIA94223387962605,Colton Allen,62,38041.169379648156,46833.289928110695,-8792.120548462539
GB10AWBZ36156576998991,Steven Green,43,54446.02668220141,37906.86180420638,16539.164877995026
GB19UVHG23573858871900,David Fitzpatrick,31,61966.31486645651,50729.78047766012,11236.53438879639
GB98DOLJ76326511720406,Erik Nguyen,68,43902.17095680618,63638.72494619361,-19736.55398938743
GB04DXER94388618721909,Christina Morales,24,48659.82833327082,32140.139673650177,16519.688659620646
GB28KTXL01123236043999,Bryan Ware,20,50146.88194729197,26189.553968462253,23957.32797882972
GB35XWAW14123519306033,Jasmine Wise,64,42151.0168691776,43038.18595604876,-887.1690868711594
GB29LOWU94104088413306,Brian Waters,40,56482.80433843859,47215.625051261435,9267.179287177154
GB53XHJN00863749129532,Robert Garcia,63,48790.51851392219,37691.33626155231,11099.18225236988
GB42ANJF06795303485338,Louis Gilbert,60,54195.324439070275,54532.606633210344,-337.2821941400689
GB40WBIH68109651282317,Scott Ross,64,41125.078221979,26613.94200276751,14511.136219211487
GB79FRAW11761596216837,Alicia Sanchez,62,45625.416996765896,46929.18623031611,-1303.7692335502143
GB34KAII58948661427022,Michael Mitchell,35,57223.81357827771,33941.391792411065,23282.421785866645
GB75AMTQ04143230649004,Craig Waters,55,46271.66847908233,57193.779062072965,-10922.110582990637
